ocr_test_index,query_id,reference_metadata_text,hi_en_ocr_text,en_only_ocr_text,gold_transcription,include_in_final_ocr_test,annotation_notes
1,hmx-0614,"Priyanka Chopra ne diya kada jawaab maathay par nakli aankh rakhne wala Shankar Bhagwan apne bete ko nahi pehchaan saka, us dharm ke maanne waale nibhaari tumko kya ghanta pehchaanega!",e०e 2 Priyanka Chopra ne diya kada jawaab maathay YSHES * Par nakli aankh rakhne `wala Shankar Bhaqwan apne bete ko nahi pehchaan saka us dharm ke maanne vaale nibhaari tumko kya ghanta pehchaanega! GAIE,2094 6 [Priyanka Chopra ne diya kada jawaab maathay Ranto par nakli aankh rakhne 0 wala Shankar Bhagwan apne bete ko nahi pehchaan saka; uS dharm ke maanne waale nibhaari tumko kya ghanta pehchaanegal (AKE),"Priyanka Chopra ne diya kada jawaab maathay par nakli aankh rakhne wala Shankar Bhagwan apne bete ko nahi pehchaan saka, us dharm ke maanne waale nibhaari tumko kya ghanta pehchaanega!",yes,
2,hmx-0682,One Direction ke 15 saal ka jashn – wo band jisne ek poori generation ko badal diya,&e MO One Direction ke 1५ saa ka jashn wo band jisne ek poori generation ko badal INDIA TODAY,C MO IOne Direction ke 15 saalka jashn wo band jisne ek S poori generation ko badal INDIA TODAY,One Direction ke 15 saal ka jashn – wo band jisne ek poori generation ko badal diya,yes,
3,hmx-0345,"""SAMAY RAINA ko SUPREME COURT ne summon kiya BALRAJ SINGH ko ORRY ke saath cheat karne ke liye.""","""SAMAY PAINA ko SUPREME COURT kiya BALRAJ SINGH ko ne summon ORRY ke saath cheat karne ke liye 0] GENTLEMAN LOGO KE SATH HAMESHA BURA KYU HOTA HA '","""SAMAY RAINA ko SUPREME COURT kiya BALRAJ SINGH ko ne summon ORRY ke saath cheat karne ke liye: I GENTLEMAN LOGO KE SATH HAMESHA BURA KYU HOTA HA'","""SAMAY RAINA ko SUPREME COURT ne summon kiya BALRAJ SINGH ko ORRY ke saath cheat karne ke liye."" GENTLEMAN LOGO KE SATH HAMESHA BURA KYU HOTA HA",yes,
4,hmx-0239,"‘Ab ghar lautne ka waqt aa gaya hai…’: Vikrant Massey ne 37 ki umar mein acting se retirement ka announcement kar diya, fans hairaan Career ke peak par hone ke baad bhi unhone yeh decision liya.","nexT alva DOOR Ab ghar lautne ka waqt aa gaya hai. Vikrant Massey ne ३७ ki umar mein acting se retirement ka announcement kar diya, fans hairaan Career ke peak par hone ke baad bhi unhone yeh decision liya","next ALa DooR 'Ab ghar lautne ka waqt aa gaya hai._ Vikrant Massey ne 37 ki umar mein acting se retirement ka announcement kar diya, fans hairaan Career ke peak par hone ke baad bhi unhone yeh decision liya.","‘Ab ghar lautne ka waqt aa gaya hai…’: Vikrant Massey ne 37 ki umar mein acting se retirement ka announcement kar diya, fans hairaan Career ke peak par hone ke baad bhi unhone yeh decision liya.",yes,
5,hmx-0243,10vi class ka baccha Maharashtra mein illegal hospital chala raha tha: Aakhri 3 saalon mein hazaaron patients ka ilaaj kiya. Har din 65-70 patients ko dekhta tha aur sabse ₹500 charge karta tha.,0ilp atval ZOvi class ka baccha Maharashtra mein illegal hospital chala raha thaः Aakhri 3 saalon mein hazaaron patients ka ilaaj kiya. Har din ६५-७० patients ko dekhta tha aur sabse =५०० charge karta tha.,T_ aa 1Ovi class ka baccha Maharashtra mein illegal hospital chala raha tha: Aakhri 3 saalon mein hazaaron patients ka ilaaj kiya. Har din 65-70 patients ko dekhta tha aur sabse {500 charge karta tha.,10vi class ka baccha Maharashtra mein illegal hospital chala raha tha: Aakhri 3 saalon mein hazaaron patients ka ilaaj kiya. Har din 65-70 patients ko dekhta tha aur sabse ₹500 charge karta tha.,yes,
6,hmx-0463,Kahin Coldplay ka Concert lag raha tha bhai,"Culture आNण Dव""p WEY $ Kanin Colaplay ka Concert lag raha tha bhai",Culture Ioni IDrip WES 5' Kahin Coldplay ka Concert lag Iraha tha bhai,Kahin Coldplay ka Concert lag raha tha bhai,yes,
7,hmx-0336,"DILJIT DOSANJH ek national asset hai, Indian culture ka global ambassador hai DILJIT DOSANJH ek Khalistani hai, usse Pakistan pasand hai. Woh anti-national hai","DILJIT DOSANJH IS A NATIONAL ASSET , GLOBAL AMBASSADOR OF INDIAN MODI NNO IT GELL DILJIT DOSANJH IS AKHALISTANI, LOVES PAKISTAN. HES A ANTI-NATIONAL","DILJIT DOSANJH IS A NATIONAL ASSET , GLOBAL AMBASSADOR OF INDIAN MODI Ac It CELL DILJIT DOSANJH IS A KHALISTANI, LOVES PAKISTAN. HE'S A ANTI-NATIONAL","DILJIT DOSANJH IS A NATIONAL ASSET, GLOBAL AMBASSADOR OF INDIAN *MODI *IT CELL DILJIT DOSANJH IS A KHALISTANI, LOVES PAKISTAN. HE'S A ANTI-NATIONAL",yes,
8,hmx-0000,Jagannath Puri temple ka khazana vault 46 saal baad khula: Secret chamber ke andar kya hai?,Tl atva Jagannath Puri temple ka khazana vault ४६ saal baad khula: Secret chamber ke andar kya hai? Yo lr garagraater = ड्लै 0 @,"Thc atva Jagannath Puri temple ka khazana vault 46 saal baad khula: Secret chamber ke andar kya hai? Yould a2 E#ph text ""57 1 0 @",Jagannath Puri temple ka khazana vault 46 saal baad khula: Secret chamber ke andar kya hai?,yes,
9,hmx-0450,Diljeet ISI ke Samne,Diljeet ISI ke Samne DanlsSeuma MEue,Diljeet ISI ke Samne Dank Segma Mere,Diljeet ISI ke Samne,yes,
10,hmx-0634,"Mumbai se West Bengal jaane wali migrant train, 10 May 2020 ko","Mumcal ६a Wbs Baroal laane नali mmopnt Tan 1० 147, 2020 19 ACTUY ACY ९ 07व ४[५ [","LMumlji fWls Beteni Ijune aoli mocnt tn, 0o 4ay 2020 10"" TACTLY Tact 0 Uenalle eatn R 4 [ 5 [","Mumbai se West Bengal jaane wali migrant train, 10 May 2020 ko",yes,
11,hmx-0325,"Switzerland me ek aisa hotel hai jiska na koi wall hai, na roof — sirf ek bed hai open sky ke neeche! Null Stern Hotel Swiss Alps me 6,463 ft ki height par hai aur yahan ek raat ka stay ₹18,000 tak ka padta hai.","ilvil lilo Switzerland me ek aisa hotel hai jiska na koi wall hai, na roof sirf ek bed hai open sky ke neeche! Null Stern Hotel Swiss Alps me 6,४६३ ft ki height par hai aur yahan ek raat ka stay Rs. १८,००० tak ka padta hai. &ै","AWa Tlu Switzerland me ek aisa hotel hai jiska na koi wall hai, na roof sirf ek bed hai open sky ke neechel Null Stern Hotel Swiss Alps me 6,463 ft ki height par hai aur yahan ek raat ka stay Rs. 18,000 tak ka padta hai. 1 8","Switzerland me ek aisa hotel hai jiska na koi wall hai, na roof — sirf ek bed hai open sky ke neeche! Null Stern Hotel Swiss Alps me 6,463 ft ki height par hai aur yahan ek raat ka stay Rs. 18,000 tak ka padta hai.",yes,
12,hmx-0579,"Kerala ke ek church se 7000 crore ka kala dhan pakda gaya, lekin koi media yeh nahi dikhaega.","atLl+ 3 लपड D oihahPela Kerala ke ek church se ७००० crore ka [1_:29 +117773 "" Lya anti Hindu neta kala dlhan pakda gaya lekin koi media yeh nahi dikhayega Mडागना0 99 99 ""","Qd B Chee 0-iHakoda Kerala ke ek church se 7000 crore ka RLo LA 1 ya anti-Hindu neta kala dhan pakda gaya, lekin koi media yeh nahi dikhayega: 'MISLEAOING _ 2 7 7","Kerala ke ek church se 7000 crore ka kala dhan pakda gaya, lekin koi media yeh nahi dikhayega.",yes,
13,hmx-0347,"""PM MODI ne reportedly PAK ARMY CHIEF ko apne ghar invite kiya BMW ka flat tire theek karne ke liye.""","""M MODI ne reportedly PK ARVY CHIEF ko apne ghar invite kiya BMW ka flat tire theek karne ke liye 0० FINALLY GIVING ASIM BHAI A CORRECT JOB!!","""PM MODI ne reportedly PAK ARMY CHIEF ko apne ghar invite kiya BMW ka flat tire theek karne ke liye: HI FINALLY GIVING ASIM BHAI A CORRECT JOBW!","""PM MODI ne reportedly PAK ARMY CHIEF ko apne ghar invite kiya BMW ka flat tire theek karne ke liye."" FINALLY GIVING ASIM BHAI A CORRECT JOB!!",yes,
14,hmx-0429,"Rishi Sunak ne apni career Goldman Sachs se start ki thi, UK ke PM rahe, aur ab wapas Goldman Sachs as Senior Adviser join kar rahe hain—ek loyal employee hai!","SwatKat @swatic1२ Jul 9 started his career with goldman sachs , serves as UK PM, returs to goldman sachs. thats one loyal employee १०० Rishi Sunak joins Goldman Sachs as senior adviser","SwatKat @swatic12 Jul 9 started his career with goldman sachs, serves as UK PM; returs to goldman sachs thats one loyal employee Io0 Rishi Sunak joins Goldman Sachs as senior adviser","started his career with goldman sachs, serves as UK PM, returns to goldman sachs.. that's one loyal employee 💯 Rishi Sunak joins Goldman Sachs as senior adviser",yes,
15,hmx-0558,WARNING: Alarming News for North East People Dekhein U.S. President Donald Trump ka yeh speech 📢👇 BIG DANGER RUKING FOR NORTH EAST INDIA Arunachal news today ARUNACHAL DAILY NEWS Arunachal News Coverage See link 👇,"e0० Sce 8 VARNIG Ziarming NEwvs iar EWUI0IALDul IUi Nortri East Pcuplट Dathen Us Resident Donald Spcctn Dl / Trump sd -0 BIG DANGER RUKING FOR NORTh EASTINDIA + ARLNACHAL DAILY NEWS [%110""3 eps toda! Arumechel[)=4> C0v=189|< खाप / """,8oo4 orch9 B WARWIG: Nlarnng News for APUIcCcNCS North East Pepple Dekheln U.S Fiesldent Donald speech [D 7 Trunp Ka Yeh BIG DANGER RUKING FOR NORTH EASTINDIA 1 ARUNACHAL DAILY NEWS Annacta [tts today AnnathalNet: Covelage FAKE { 1 t,WARNING: Alarming News for North East People Dekhein U.S. President Donald Trump ka yeh speech 📢👇 BIG DANGER RUKING FOR NORTH EAST INDIA Arunachal news today ARUNACHAL DAILY NEWS Arunachal News Coverage See link 👇,yes,
16,hmx-0666,Arnab Goswami Maharashtra ki sarkar girane ki khushi me,29% 8 Cc EAKE Arnab Goswami Maharashtra ki sarkar girane ki khushi me,80o4 B Sraitc FAKE Arnab Goswami Maharashtra ki sarkar girane ki khushi me,Arnab Goswami Maharashtra ki sarkar girane ki khushi me,yes,
17,hmx-0712,"India’s Vice President Jagdeep Dhankhar RESIGNS due to ‘health issues’, thanks the nation","श्ै India ke Vice President Jagdeep Dhankhar ne 'health issues ki wajah se diya resign, desh ka kiya shukriya alva","8 1 India ke Vice President Jagdeep Dhankhar ne 'health issues' ki wajah se diya resign, desh ka kiya shukriya anta","India ke Vice President Jagdeep Dhankhar ne ‘health issues’ ki wajah se diya resign, desh ka kiya shukriya",yes,
18,hmx-0171,"India jaldi sabhi toll plazas khatam kar dega, aur satellite-based system introduce karega: Nitin Gadkari Paise seedha bank account se road usage ke basis par deduct honge.","Tlt atva India jaldi sabhi toll plazas khatam kar dega, aur satellite-based system introduce karega: Nitin Gadkari Paise seedha bank account se road usage ke basis par deduct honge. ी्ै","Thc atva India jaldi sabhi toll plazas khatam kar dega, aur satellite-based system introduce karega: Nitin Gadkari Paise seedha bank account se road usage ke basis par deduct honge. 1 8","India jaldi sabhi toll plazas khatam kar dega, aur satellite-based system introduce karega: Nitin Gadkari Paise seedha bank account se road usage ke basis par deduct honge.",yes,
19,hmx-0267,Khud ko 100% truit juice kehna band karo: FSSAI ne customers ko attract karne ke liye galat claims karne par warning di hai Ek sakht nirdesh turant lagu karne ke liye diya gaya hai.,alva Khud KO LUU% Truit juice kehna band Karo :IFSSHI ne customers ko attract karne ke liye galat claims karne par warning di hai Ek sakht nirdesh turant lagu karne ke liye diya gaya hai.,aNa Khud ko TOU% fruit juice kehna bandkaro : FSSAT ne customers ko attract karne ke liye galat claims karne par warning di hai Ek sakht nirdesh turant lagu karne ke liye diya gaya Ihai.,‘Khud ko 100% fruit juice kehna band karo’: FSSAI ne customers ko attract karne ke liye galat claims karne par warning di hai Ek sakht nirdesh turant lagu karne ke liye diya gaya hai.,yes,
20,hmx-0382,"Andaman mein India ek badi oil khoj ke kareeb hai, jisme lagbhag 11 billion barrels crude oil ke reserve mile hain. Isse India ka GDP $3.7 trillion se badhkar $20 trillion tak ho sakta hai aur duniya mein energy diplomacy mein apna asar badha sakta hai.","India Andaman mein ek badi tel ki khoj ke kinare hai, jahan lagbhag 1l billion barrels crude oil ke reserve hone ka estimate hai. Yeh khoj aane wale samay mein India ki GDP ko S३.7 trillion se S२० trillion tak le ja sakti hai, aur energy diplomacy mein global influence bhi badha sakti hai.","India Andaman mein ek badi tel ki khoj ke kinare hai, jahan lagbhag 11 billion barrels crude oil ke reserve hone ka estimate hai: Yeh khoj aane wale samay mein India ki GDP ko 53.7 trillion se $20 trillion tak le ja sakti hai, aur energy diplomacy mein global influence bhi badha sakti hai.","India Andaman mein ek badi tel ki khoj ke kinare hai, jahan lagbhag 11 billion barrels crude oil ke reserve hone ka estimate hai. Yeh khoj aane wale samay mein India ki GDP ko $3.7 trillion se $20 trillion tak le ja sakti hai, aur energy diplomacy mein global influence bhi badha sakti hai.",yes,
21,hmx-0629,"Thank you, @elonmusk! Wapas aake bahut accha lag raha hai. Ummid hai sab hater aur loser mujhe miss kiye honge!","80%4 3 १ल cHEc+ Donald Ir mp is tacl: on liticr Altsi Ctt Ily el TA lei L; Elen Vlusk . Hc tas Lcsii prrmitrdta ac aack on Iwitcr CAKE 2 390 Durald J Iruinp =hollltGme Thank you. @elonmusk! "" Iag b007 Wapas aake bahut accha raha nai Ummid hai sab hater aur loser mujhe miss kiye honge! 007 १Diटl om २० 0८१ २२ Tगttar or Androld 8 B5.5K Rcticat 23K O.ग़ta Tucets 9 452K[1:88 299 6400:.*:?? 30","Goom B Sct ( ""CHECY Donald Irmp is Eck on Twitice; Altei en ""IgolTa Uet b; Ekn Mist, He Mas Lazn pcrnitcdt3 30 Rack 01 iwitcr: GAKD 1 1 Dorald A Urutnp EeUlGnu Thank you; @elonmusk! 1 lag ECn Wapas aake bahut accha raha nai; Ummid hai sab hater aur loser 1 mujhe miss kiye hongel 10;21 pm Zd Oc7 Teltter For Androld { 65.5k Rctricats 23* Olat: Twrats 452k Likag 1 4 MT 1","Thank you, @elonmusk! Wapas aake bahut accha lag raha hai. Ummid hai sab hater aur loser mujhe miss kiye honge!",yes,
22,hmx-0599,Uttar Pradesh par paardarshita ka lahar chal chuka hai! Maafi ja ar yaaga ja ka shasan dhal chuki hai. Do baar ke vidhayak ko janta gaon mein nahi ghusne de rahi. Share zarur karein,_ACL CमईCK FIKE Akhilesh Yadav Fans Follow २१ OctoDer at 2DCD Uttar Pradesh par paardarshita ka lahar chal chuka hail Maafi ja ar yaaga ja ka shasan dhal chuki hai. Do baar ke vidhayak ko jaktalegaoa me gaon mein nahi ghusne de rahi. Share zarur karein #samajivadipart,FACL CHEcK FAKE) Akhilesh Yadav Fans Follow 21 October at 20.00 Uttar Pradesh par paardarshita ka Iahar chal chuka hail Maafi ja ar yaaga ja ka shasan dhal chuki hai. Do baar ke vidhayak ko IaRFa gaon.ne gaon mein nahi ghusne de rahi. Share zarur karein #samajadiparty,Uttar Pradesh par paardarshita ka lahar chal chuka hai! Maafi ja ar yaaga ja ka shasan dhal chuki hai. Do baar ke vidhayak ko janta gaon mein nahi ghusne de rahi. Share zarur karein,yes,
23,hmx-0417,Budget Session: #RahulGandhi chutti par gaye. Mera #cartoon #WhereIsRahulGandhi #RahulOnLeave,MANJUL @lu4IUJU[toons Feb 24 2015 Budget Session #RahulGandhi chutti par gaye Mera cartoon #WlherelsRahulGandhi #RahulOnLeave POLITICKLE by MANJUL IIAUKA IIAUKA उष्ष्डछ| CLITIOY Doou- ibme Curtoonsbymanjul IWItEI - MANULtoonJ T,"MANJUL @MANIULtoons Feb 94,2015 Budget Session: #RahulGandhi chutti par gaye. Mera cartoon #WherelsRahulGandhi #RahulOnLeave POLITICKLE by MANJUL MAUKA MAUKA Bugsay| Anloy bopa- Ib-me cartoonsbymanjul Gmtter- manULtoons TL",Budget Session: #RahulGandhi chutti par gaye. Mera #cartoon #WhereIsRahulGandhi #RahulOnLeave MAUKA MAUKA BUDGET SESSION MISSING,yes,
24,hmx-0142,Ab LGBTQ+ log joint bank account khol sakte hain aur apne partners ko beneficiary ke roop mein nominate bhi kar sakte hain,Tl atva Ab LGBTQ+ log joint bank account khol sakte hain aur apne partners ko beneficiary ke roop mein nominate bhi kar sakte hain ीै,Thc atva JAb LGBTQ+ log joint bank account khol sakte hain aur apne partners ko beneficiary ke roop mein nominate bhi kar sakte hain 1 8,Ab LGBTQ+ log joint bank account khol sakte hain aur apne partners ko beneficiary ke roop mein nominate bhi kar sakte hain,yes,
25,hmx-0469,"PM Modi aur Rahul Gandhi ne 6 saal baad haath milaaye, Arvind Kejriwal ko jail bhijwane ke liye saath aaye.",PM Mod aur Rahul Gandhi ne 6 saal baad haath milaaye Arvind Kejriwal ko jail bhijwane ke liye saath aaye,"PM Modi aur Rahul Gandhi ne 6 saal baad haath milaaye, Arvind Kejriwal ko jail bhijwane ke liye saath aaye:","PM Modi aur Rahul Gandhi ne 6 saal baad haath milaaye, Arvind Kejriwal ko jail bhijwane ke liye saath aaye.",yes,
26,hmx-0617,Urja. Utsaah.,8 0 ऐ 8 8 600) 8 Amit Malviya 7 #ै 8 @amitmalvijya 0 Urja Utsaah [ISLEDIIG 8 8 #llangaluru 8 8 8 8 8 8 8 8 ४ 8 8 ९,0 8 A S 2 Coom B Amit Malvija 3 23 0 @amitmalviya He Urja: Utsaah: MSLEAding} 0 2 #Mangaluru 0 0 4 0 4 0 0 0 ' 4 8 8,Urja. Utsaah. #Mangaluru,yes,
27,hmx-0545,"Tripura mein, ek quarantine centre ke logon ne Shah Rukh Khan ke ‘Lungi Dance’ par zabardast dance kiya aur video turant viral ho gaya","1@0 =""+""फ0""""0""05"" Tipura rriein, Ek arararitinE centr= k= lugon Ouarantine Centres Tein log dance xar raii= haint Mezze Iu ralie hairi ne Shah Rukh Khan Ikz Lungi Daice Dar Luingi Dance par. Bur log Dol rane zabardast cant= Klya aui VIDED tLlarit Viral Quarantrle Birl ll Iluroai ke NSEI DD gaya Crntrc ka .idco llala (91 l4C> Inese aie re5icents oi quarantine centre in iripura","Jn0 aninDtv eropt Tripura rein, ek quarantine centre ke lagon Quarantire Centres meln lag dance Kar ralte hiain"" Mezze hiu rahe halm ne Shah Rukh Khan ke 'Lurg Dame"" Pai Lurigi Dance par, #ui luy bul rahe zabardast cante kiye aui vided turart viral Quaranilrie nelti k NumbaikeNscI no gaya Centie ka video hal: CTE Y t These are residents 0f 3 quarantine centre in Tripura","Tripura mein, ek quarantine centre ke logon ne Shah Rukh Khan ke ‘Lungi Dance’ par zabardast dance kiya aur video turant viral ho gaya. Quarantine Centres mein log dance kar rahe hain! Mazze ho rahe hain Lungi Dance par, aur log bol rahe hain ki yeh Mumbai ke NSCI Quarantine Centre ka video hai. These are residents of a quarantine centre in Tripura.",yes,
28,hmx-0409,"On PM’s suggestion, plane’s black boxes were flown to domestic lab","ShaatirBanda (Whitcpill Arc) @ Shaatirbanda Juin २ Yeh 'cdi Aake Tumhari Road Nahi Banayega' wala meme ab reality pad mein Ladal raha hai Aisa lagta hai ki unhe raha hai, hat jagah intervene karna Arindam Majumder @ari maj Jun २७ More on the investigation ot Air India ७८७ crash #AI1७1 ऋcomJari majlstatus . On PMs suggestion, planes black boxes were flown to domestic lab Continued Irom 019""] Hay stuckin AlrIndia Bangkok bound W ढ़1]2 0*0' cockilt plane delays flightat Mumbai alrport DIQ ICU O ncorder 4]-171 p Iuhir Iodla sMMumbai Danghot Flioht Utes @ whitan Crahud wthin Iln caka छll wals IUCO olonc wilnaolane irbus AazO wlltoitWus Unniloo Tie l2lsoonWedpesdaynotlccd *strawor Drass 7 Iutrinpolt d55Lnucr50J3re0(0 Data Recorders IFDR) wire wiu ondunt l५ 000112""00| Uolloredint crewondthie dlrcraltwentboch tothe Dnywhent Itmas cheched Hay Was icund stuckthere andwas removed days later Like the eurier Joud -2]12Iस@l""r19 0|100-* teporls Snum Souler adalhelMy Iaty havt pot studt inere dunng Slphn Tpeailrlne msinloriediheDGCh practice this tlaae UOD Uhere 772 1;10[08 creDul Irlu blatl cviDus ) fliahrbutUhc same beinalorootd7Al2354 DDDS To 4]0|07 078|00*[`|;0||1 the US Jor examlin 000- Mas reld bach as somehay Was loundsluca belo#tneleftuong SCIrdl I00 OI 70)17 UIUUbl dangsokon June २5, २०२५ crasht IlulunP Morll 8lstl toliu Unt TlFst Jrtrniintr oltpeonerhng Jircralit thoughthe spurceol Daycouldnoro Idcnalicd This Ma Mlhadlulle uttएooeuito und ttuittrult send Iheit Io Tiuta IH latb FLoriDn )11770* DtciDZul 4[10 as stoseuueriily cleared lor oaeraton Tunaulr Indla spohcsperson sald sourcuswuld 48 result Cha Iwio WLre duntand Iulertity cuntribull Olownto Delhl In cepurale lne cal LaLtuls ID Liihiicu Oऋlt- pboul Iint Ciuac5 000'011 Bild Irtor atton beinLk CT CLilT: Tllesday Alr Luroe planta Inst Ilont Saltly urd pestot Ul- IUaIL OCCITIUILLE All 00 pcled Inrocoiu tlme In ltzs |117001 oooath Is Ihls Ialahe pnd FUR dala la undurway Tht analysls Of OV lons hv butn Ihenin Inlll coinpllimtL WIUH UlO IIILTULL Dral oxamiplt of thcuniaol plunt Innt crshiedl 2[|01:111 TlLst Uflorts alm 8|[ 1[160 7|00* *70*{1110*[]61 UOIl ण Ballorla lli8 al IllbOINUOIUOl UUl- ]] TLIIL Iollnhl Lerrllory being Lramiun the Dountrys lilbs Itsell sald tventa lending I० Une DDcl- unner Ilt ollicial clilt- umlorolllcial","ShaatirBanda (Whitcpill Arc) @ShaatirBanda Jun 27 Yeh 'Modi Aake Tumhari Road Nahi Banayega' wala meme ab reality ~pad mein badal raha hai. Aisa lagta hai ki unhe raha hai; har jagah intervene karna Arindam Majumder @ari_maj Jun 27 More on the investigation of Air India 787 crash #Al171 Xcom/ari_majlstatus _ On PMs suggestion; plane s black boxes were flown to domestic lab Continued hom Paga] Hay stuck in Air India Bangkok-bound TV hile I cockplt plane delays flight at Mumbai airport voicu TCURI 00 nroner F17I P My Alr Indla' s Mumbal-Bangkok Fllght utes & Which cnshed Wthin mn ak-oll Xn: rco of the wingol thc Alrbus 4320 whenitwastaxIlng They AlZ354on Wednesdaynotlccd ""strawor grass-|uttingout USiendersbodiedto Data Recorders (FDR) were wntonJunek Une Ficnt Intorm &dthe crewvard the alrcralt wendbacktothe Day where Itwas checked Haywas foundstuck ther and wasremoved_ days later Like the earller ound U Tuelc49 Irt repors SAuta Sources saldthe mymay have got stuck there during slnha Thealrilne has Informed theDGCA: practice, this tme t00, there ee pana And the black previous) flightbutthe same beingprobtr;""Al2354 pores [o aljud. e-tMM the US for examin U= wis heldbuck as sone hay was fouridstuck belowthe left ing eched t0 opcn Homt umbal Dangkokon June 25,2025 crashHuton FMModi esu5 tulid tne trG Dreamliner ortheoperating aircralt though the spurceollaycouldnot be Identilicd Thiswas mmedinte attendedto_4nd tnealcralt send them t0 Ie AAIB Iab, Kustion, e ducided Hn Was suosequertly cleared for operation ""an Alr India spokespersonsald; sourceseld As Fesult, thc two were dent add [derutity contribut: fownto Delhl insparate]na Jnk uctuns (0 enhance WvID - about the Cuuscs menI suid- Inforuuation bemgexe ullim Tuesday- Alr Forcc planes ust ton silety and prevent [: (Ure occurroncus ALL @C= [ected Inrrcurdtlme Inkss Fn month; uthis 1 the and FDR data Is underxay FThy analysls of CVR tlons hne ben Inken In tull comnpliance with donequc Oret exampleot thedata of plane that Crtshed udaa Tuese otlorts 4m Auucl Wal # MnCA - recul 4 Mtlonde 0ws und mntermlonal uui: MI thqund tertItery b'Ing examined [n the countTY'$ labs Itselt,said events lending t0 tha #eC]: mnner; the ollicial #totet- eontoroucial;","Yeh 'Modi Aake Tumhari Road Nahi Banayega' wala meme ab reality mein badal raha hai. Aisa lagta hai ki unhe har jagah intervene karna pad raha hai. On PM’s suggestion, plane’s black boxes were flown to domestic lab",yes,
29,hmx-0663,"Thaila hatane gaye head constable ka muh dabochha, maafi mangvakar hi chhoda Jodhpur ki ghatna","एटाम न ठेते वने फा उ्या रूपदेगा पुन्प ने ज्वा चड फरन पी७े रोपे S""l=nणn सन Iu eoon 8 ठेला हटाने गए हैड कांस्टेबल का ७४ 10० Ciies मुंह दबोचा, माफी मंगवाकर छाडा kaa muh cah nrrha, maafi Inaila hatane Taye Tgad constan जोधपुरकी घटना CAKE Joabgur Ki ghaina","T *37ttutt 44a7lf45um0 &4 hlenrh =FuetTTAE 8004 B 8cI1 B21+ TQ 83 #iZedt #T ae ""chec 1a <dl; T14 TaIR 81gl MamvCathcthacuaaf Thaila hatane gaye head constabl Giugr #0271 FAKD Joghpur ki ghatna","ठेला हटाने गए हेड कांस्टेबल का मुंह दबोचा, माफी मंगवाकर ही छोड़ा जोधपुर की घटना Thaila hatane gaye head constable ka muh dabochha, maafi mangvakar hi chhoda Jodhpur ki ghatna",yes,
30,hmx-0402,"INDIAN NEWS 1/2 Indian Railways sabhi trains mein ATMs install karega, trials Mumbai-Manmad Panchavati express se shuru ho gave hain.","UDUU 5 Weleome te Baaket Iltie ा % 7 INDIAN NEWS 1/2 Indian Railways sabhi trains mein ATMs install karega, trials Mumbai Manmad Panchavati express se shuru ho gaye hain.","Indian EwS Wetore%e548"" har Ftna L INDIAN NEWS 1/2 Indian Railways sabhi trains mein ATMs install karega, trials Mumbai-Manmad Panchavati express se shuru ho gaye hain.","INDIAN NEWS 1/2 Indian Railways sabhi trains mein ATMs install karega, trials Mumbai-Manmad Panchavati express se shuru ho gaye hain.",yes,
31,hmx-0075,"Israel‑Palestine war khatam—Qatar mein hostage‑ceasefire deal sign hui 15 mahine ke baad aur lagbhag 48,000 maut ke baad.","'lil1t atva Israel Palestine war khatam Qatar mein hostage ceasefire deal sign hui १५ mahine ke baad aur lagbhag ४८,००० maut ke baad.","TTc alva Israel-Palestine war khatam-_Qatar mein hostage-ceasefire deal sign hui 15 mahine ke baad aur lagbhag 48,000 maut ke baad:","Israel-Palestine war khatam—Qatar mein hostage-ceasefire deal sign hui 15 mahine ke baad aur lagbhag 48,000 maut ke baad.",yes,
32,hmx-0471,BBC ne bola – Gujarat mein GT vs CSK match mein jo baarish hui uske zimmedar Modi Ji hain!,8 8 BBC ne bola Gujarat mein GTvs CSK match mein jo baarish hui uske zimmedar Modi Ji hain!,B B BBC ne bola Gujarat mein GT vs CSK match _ mein jo baarish hui uske zimmedar Modi Ji hain!,BBC ne bola – Gujarat mein GT vs CSK match mein jo baarish hui uske zimmedar Modi Ji hain!,yes,
33,hmx-0434,"Tesla Model Y in India – Price Breakdown (Hinglish Style): US Price: ₹30 lakh ($37,490) Ex-Showroom Price: ₹59.89 lakh➡️ Road Tax & Insurance: ₹3.5 lakh ✅ On-Road Price: ~₹63.4 lakh🧾 Govt Kama Gayi: ₹31 lakh 🚗 Tesla Ko Mila: ₹30 lakh","Jal nind Feelin Proud Merie Armin Tesla Model Yilndia me US Prices ऋ३० lakh ($37,490] Import Duty (७o%J: २१९ ३९ lakh 65T [28%]: र7.75 lakh GST Cess: रZ ७S lakh Ex Showrooms २५९ ८९ lakh Road Tax & Insur : २उ.5 lakh On Road Price: २६७ lakh Govt Kama Gayi: ३३१ lakh","Jai hind Feeling Ptoud Mere ArtyMn Tesla Model YInda me US Price: 730 Iakh (537,490] Import Duty (70%): 71939 Iakh GST (28%]: <7.75 Iakh GST Cess: 72.75 Iakh Ex-Showroom: ?59.89 Iakh Road Tax & Insur : 73.5 Iakh On-Road Price: 361 Iakh Govt Kama Gayi: {31 lakh","Tesla Model Y India me - US Price: ₹30 lakh ($37,490) - Import Duty (70%): ₹19.39 lakh - GST (28%): ₹7.75 lakh - GST Cess: ₹2.75 lakh - Ex-Showroom: ₹59.89 lakh - Road Tax & Insur.: ₹3.5 lakh - On-Road Price: ₹61 lakh Govt Kama Gayi: ₹31 lakh",yes,
34,hmx-0565,Jab Boris Johnson aaye the… Sau saal pehle UK mein aisi scene nahi thi. Humare neta log kamal ke hain!!!,"@०% = ट॰ Guarat Mode Dr Arindam Cnzudhun lab Borfklmrean aays the Sau t७a luo|a णlr ""2[3""11*12+71111173 ख[a0त @ 77*7003 ""-n SLचIDIO Zi Cगरnl 2","8004 3 chec Gujarat Modeel Dr: Arindam Chzudhun {@0 BorgJoluea^jar8 Ue Suu {uJpunt Uk FaluaRamaa MteGeEente[[Fn ""enn Wae Snts JISLEADINg] 7Tithils [",Gujarat Model Jab Boris Johnson aaye the... Sau saal pehle UK mein aisi scene nahi mili thi. Humare neta log kamal ke hain!!!!,yes,
35,hmx-0112,Anant-Radhika ki shaadi se pehle Ambani family ne underprivileged couples ke liye mass wedding plan ki.,ब्ै Anant Radhika ki shaadi se pehle Ambani family ne underprivileged couples ke liye,8 Anant-Radhika ki shaadi se pehle Ambani family ne underprivileged couples ke liye,Anant-Radhika ki shaadi se pehle Ambani family ne underprivileged couples ke liye,yes,Source image/caption is visibly truncated; gold transcription follows only the visible claim-bearing text.
36,hmx-0425,Kya woh log dating kar rahe hain?,Ka woh log dating kar rahe hain?,Kya woh log dating kar rahe hain?,Kya woh log dating kar rahe hain?,yes,
37,hmx-0692,"19 Saal Kis Liye?"": Mumbai Ka Baap Victim Par Court Ka Faisla Sunne Ke Baad Gussa Kiya","l९ Saal Ms Liye?"": Mumbai Ka Baap Victim Par Court Ka Faisla Sunne Ke Baad Gussa","19 Saal Kis Liye?"": Mumbai Ka BBaap Victim Par Court Ka FFaisla Sunne Ke Baad Gussa","19 Saal Kis Liye?"": Mumbai Ka Baap Victim Par Court Ka Faisla Sunne Ke Baad Gussa",yes,
38,hmx-0137,Congress ke spokesperson ne kaha: 'Rohit Sharma motapa leke khel raha hai aur sabse bheedha captain hai' — is par TMC MP ne bhi unhe support kiya.,ब्रै १ INDIA Congress ke डpokesperson ne kahaः Rohit Sharma motapa leke khel raha hai aur sabse bheedha captain hai' is par TMC MP ne bhi unhe support kiya. alva,8 1 9 INDLA Congress ke spokesperson ne kaha: 'Rohit Sharma motapa leke khel raha hai aur sabse bheedha captain hai' 5 is par TMC MP ne bhi unhe support kiya. anta,Congress ke spokesperson ne kaha: 'Rohit Sharma motapa leke khel raha hai aur sabse bheedha captain hai' — is par TMC MP ne bhi unhe support kiya.,yes,
39,hmx-0618,Yogi sarkar ke pravakta aur Cabinet Mantri Shrikant Sharma ko janta ne khadeda.,8०० 8 ACT SHEcY EAKIa Paiel February at २० २० 0 4 Yogi sarkar ke pravakta aur Cabinet Mantri Shrikant Sharma ko janta ne khadeda.,Boom B MACT ChECS ItakB Patel February at 20.20.0 4 Yogi sarkar ke pravakta aur Cabinet Mantri Shrikant Sharma ko janta ne khadeda:,Yogi sarkar ke pravakta aur Cabinet Mantri Shrikant Sharma ko janta ne khadeda.,yes,
40,hmx-0340,"""GOVT ne MASOOM SHARMA ko thanks kaha uneducated Indians ko count karne mein help karne ke liye, uski audience ko dekh kar.""","५v ""G0 ne ममड0्वम डHमा k० thanks kaha uneducated Indians ko count karne mein help karne ke liye uski audience ko dekh kar 0] SAARE KHATOLE SCHOOL KE BAHAR","Spl ""GOVT ne MASOOM SHARMA ko thanks kaha uneducated Indians ko count karne mein help karne ke liye, uski audience ko dekh kar; I SAARE KHATOLE SCHOOL KE BAHAR","""GOVT ne MASOOM SHARMA ko thanks kaha uneducated Indians ko count karne mein help karne ke liye, uski audience ko dekh kar."" SAARE KHATOLE SCHOOL KE BAHAR",yes,
41,hmx-0225,Kya Virat Kohli ne sach mein ye sporting brand kharid liya? PUMA ka naam ab PVMA mein badla jaa raha hai poore India mein Log apne nearest Puma store ki photos online share kar rahe hain jaahan naam badla gaya hai.,DVIIIN कग्वग Kya Virat Konli ne sach mein ye sporting brand Kharia liya? PUMA ka naam ab PJMA mein badla jaa raha hai poore India mein Log apne nearest Puma store ki photos online share kar rahe hain jaahan naam badla gaya hai. alva,PVMA 335 Kya Virat Kohli ne sach mein ye sporting brand kharid liya? PUMA ka naam ab PVMA mein badla jaa raha hai poore India mein Log apne nearest Puma store ki photos online share kar rahe hain jaahan naam badla gaya hai. anta,Kya Virat Kohli ne sach mein ye sporting brand kharid liya? PUMA ka naam ab PVMA mein badla jaa raha hai poore India mein Log apne nearest Puma store ki photos online share kar rahe hain jaahan naam badla gaya hai.,yes,
42,hmx-0641,“Ye video dikhata hai Bharat ke Hindu ladkiyon ki halat West Bengal mein jahan Mamata Banerjee Chief Minister hain. Koi kanoon‑vyavastha nahi. Rohingya shamil hain. Kripya is video ko jitna ho sake zyada logo tak forward karein takki Home Minister Amit Shah ji tak pahunch sake.”,"30- 8 %cec* 5:0""3 _+ [31 9~017 0=097 video dikhata hal Aharat ke Hindu lacklyon kI halat Wlest main jahan Mamata Banerjze Chiar Ministzr hain Koi 0331-10 "" Kanaon vyavastha nahil Raningya shamil naln Krlaya vidED kolitna na saxa zyada lcgo tak forwara karEin takki फड Wlnite Ait Shu Jta pouurenane "" ""","700 B 0669 aantl} Me Isuno-hpi Penga Video dlkhata hal Bharat ke Hlndu Iadklyon kI halat West mein jahan Mamata Banerjee Chief Minister hain.Koi Ineeein 7 kanaon-vyavastha nahl Rahingya shamil haln: Kripya video ko jitna ho sake zyada lcgo tak forward karein takki FAKE"" Mnit Amt shelI4r puhunchut 7 1 {",Ye video dikhata hai Bharat ke Hindu ladkiyon ki halat West Bengal mein jahan Mamata Banerjee Chief Minister hain. Koi kanoon-vyavastha nahi. Rohingya shamil hain. Kripya is video ko jitna ho sake zyada logo tak forward karein takki Home Minister Amit Shah ji tak pahunch sake.,yes,
43,hmx-0104,"iQOO Prive Night mein India ke top creators, gamers, influencers ne kiya dhamaka. Neo 10R aa raha hai March 11 ko.","ब्रै III IIN १ 0 R२ NE ३n ०० iQo० 000i Neo १०R R०l 0 l १ 0 ० | ( POWWI( i Q ( iQ०० Prive Night mein India ke top creators gamers, influencers ne kiya dhamaka. Neo LOR aa raha hai March ZL ko. 7|| 7|","8 HU WIN 10 R NE 31 00 icoo oodi Neo 10R AOr 0 M 10 0 t ( PowW( 10 4 iQOO Privve Night mein India ke top creators, gamers, influencers ne kiya dhamaka: Neo 1OR aa raha hai March 11 ko. ahei","iQOO Privve Night mein India ke top creators, gamers, influencers ne kiya dhamaka. Neo 10R aa raha hai March 11 ko.",yes,
44,hmx-0602,"#PakistanvsAustralia match ke beech lage ""Bharat Mata ki Jai"" aur ""Vande Mataram"" ke naare, dekhiye","8०%^ Zcc Salaam @reesalaamiwet खटध B #PPakistanvsAustralia match ke beech lage "" Bharat Mata ki Jai"" aur ""ande Mataram ke naare, dekhiye #video #ICCT2OWorldCup #ICCTZOWC | HZeeSalaamTweet | FKE ZEESALAAM zeen Cws iodia Don Paltistar Lis usLialio Ilolch dcani"" zzhh lorle ndriol Mala ki Jai lallक anulz atorieln Ie doaliie ICC TzD Warld Oup Zuzt la aocsra Een fnal Paldstan aLr ALFralla IRakdstan V६ Allstralallc beech Phela aya Drmcin Aurtralla ne Patlstan ( ZLsralia VF FaciFanllto","Boom Zcc Salaam @reesalaamiveet Rcs B #PakistanvsAustralia match ke beech lage ""Bharat Mata ki Jai"" aur ""Vande Mataram ke naare, dekhiye #Video #ICCT2OWorldCup #ICCT2OWC | #ZeeSalaamTweet | FAKE ZEESALAAM zoonows,Kocla,cor Pakislan V5 Auslialia Malch dcniyr beech Iade ""Bharal Mald <iJai"" au: ""Vanue Paldramn"" *E rId 3ie ICC TZ0 Worid Cup 2021 ka cJcsra SOfinal Pakistan aur ALstralla (Pakistan Vs Australa)ke besch khela Qaya, jimein Australia nc Pakistan (Australlia Vs Facitani ko ,","#PakistanvsAustralia match ke beech lage ""Bharat Mata ki Jai"" aur ""Vande Mataram"" ke naare, dekhiye #Video #ICCT20WorldCup | #ICCT20WC | #ZeeSalaamTweet",yes,
45,hmx-0613,Isne jeevan mein na Google mein” “Na naukri ki” “Investment ki power”,600) businessmind hindi * Folloll : Or ginal hudiz CEc busiressmind rindi @businesmind hinci FALSE Follow krna |21 na bhule Isne jeewan mein na Google mein Ila naukn ki CaamitTl a rral Investment ki power Investment ki power,"Coom businessmind hindi + Follow' B Orginal Hudic 'CHEC businessmind hindi @businessmind_hinci FALSE] Follow krna V2, na bhule Isne jeevan mein na Google mein Na naukri ki Daatetnld #rdl Investment ki power Investment ki power",Isne jeevan mein na Google mein Na naukri ki Investment ki power,yes,
46,hmx-0466,Canada-based gangster Goldy Brar Bigg Boss OTT Season 3 mein aane waale hai.,Bl Onl Y orsal0]- Canada-based gangster Gठay Brar Bigg Boss OTT Season 3 mein aane waale hai.,BN ~Only For Salnn_ Canada-based gangster Goldy Brar Bigg Boss OTT Season 3 mein aane waale hai.,Canada-based gangster Goldy Brar Bigg Boss OTT Season 3 mein aane waale hai.,yes,
47,hmx-0548,"Rahul Gandhi ne Sawan ke mahine mein non-veg khaya Isiliye log kehte hain ""seasonal Hindu""Hanuman ji | #SawanMahina #MuttonTikka #TandooriBhakto #RameshShetty #Mohanlal #Masavaran #TejashwiYadav #TejRan","eo0, CHLC' 8 """"4+08104 * [_00 IL --lana-uann- 0- 2 Wट9l :133 Filnyc log lcatc nan EcDranal Kinou 799 lanurran fd| +Savenlzshina =Muttznnaz ""landocrlLnalto IanT Eant netty #Monanlal #MazaJaran - lejasnaadzv FIc Rant 90 MISUEADING 89 90* 99 + +","8o04 Gwec"" B Atytt Masa E ano Aat n Sawan # Maninc Mc Aa Me Fegin57] Eiliyc log kente ham {ca cnbi Hindu"" 2 Hanunanin -Sawankahing #Muttaalake #Tandaoribhakto Rameshsnctty * Monanlal #Masavaran # Ijashm Yadav #TcjRant J Misleading [ { o { 7 1","Rahul Gandhi ne Sawan ke mahine mein non-veg khaya Isiliye log kehte hain ""seasonal Hindu"" Hanuman ji | #SawanMahina #MuttonTikka #TandooriBhakto #RameshShetty #Mohanlal #Masavaran #TejashwiYadav #TejRan",yes,
48,hmx-0703,TRAIN bridge par chalti rahi jabki uski foundation ka ek hissa nadi mein gir gaya,NIV TRAIN bridge par chalti rahi jabki uski foundation ka ek hissa nadli mein gir gaya,NDTV TRAIN bridge par chalti rahi jabki uski foundation ka ek hissa nadi mein gir gaya,TRAIN bridge par chalti rahi jabki uski foundation ka ek hissa nadi mein gir gaya,yes,
49,hmx-0462,Taiwan formally requested purchase of India’s D4 anti-drone system,"ulmohityadavv mo. ago They interested in Anti-China system? are News ""Taiwan ne officially India ke D४ anti-drone system kharidne ki request ki hai. ""","ulmohityadavv mo. ago They interested in Anti-China system? are News ""Taiwan ne officially India ke D4 anti-drone system kharidne ki request ki hai:""",They are interested in Anti-China system? “Taiwan ne officially India ke D4 anti-drone system kharidne ki request ki hai.”,yes,
50,hmx-0191,"90-degree bridge ka bawaal: 7 engineers suspend, 2 companies blacklist₹18 crore mein bana tha yeh bridge.","29.JUN=.25 INDIAINLASTZAHR SUSPEUDED go-degree bridge ka bawaal: 7 engineers suspend, 2 companies blacklist ७१8 crore mein bana tha yeh bridge.","29JJUNE.25 INDIAINLAST2AHR SUSPE NDED 90-degree bridge ka bawaal: 7 engineers suspend, 2 companies blacklist X18 crore mein bana tha yeh bridge","90-degree bridge ka bawaal: 7 engineers suspend, 2 companies blacklist ₹18 crore mein bana tha yeh bridge.",yes,
51,hmx-0484,Bharat mein inko dar lagta hai...#DelhiRiots2022 #HindusUnderAttackInIndia#Jahangirpuri #HinduLivesMatters,नारत ऋणा |रिफसरननगत्तणा e२on 8 Briurat iriein Invo dar lagta falzaa QHES *DelniPlous2022 HincusUnderAttacklrilnala तन Jahang rpurl HinduLivesi latters mcD 0 शाट२ 7],Fletmi D6T r*aram 8004 B Bharat iein Inko dur Iugta hol_. Srgheo #DelniRlots2022 HindusUnder-ttacklnlndla FAkd] 'Jahangirpur HlnduLivesMatters CDA Tan_,Bharat mein inko dar lagta hai... #DelhiRiots2022 #HindusUnderAttackInIndia #Jahangirpuri #HinduLivesMatters,yes,
52,hmx-0368,"SC ne ‘Statue of Justice’ ki aankhon se patti hata ke apni aankhon par baandh li, Kejriwal ke “jeet gaye to jail nahi jaunga” wale comment ke baad. Supreme Court se June 2nd tak ki special bail milne ke baad, Arvind Kejriwal...","SC ne ' Statue of Justice ki aankhon se patti hata kar apni aankhon par baandh li, Kejriwal ke ""jeet gaye toh jail wapas nahi jaayenge"" wale bayan ke baad Fauxy, 18/05/2024 Supreme Court se ek anokhi aur udarta bhari bail milne ke baad jo 2 June tak ke liye hai, Arvind Kejriwal ne apne ek...","SC ne 'Statue of Justice' ki aankhon se patti hata kar apni aankhon par baandh Ii, Kejriwal ke ""jeet gaye toh jail wapas nahi jaayenge"" wale bayan ke baad Fauxy, 18/05/2024 Supreme Court se ek anokhi aur udarta bhari bail milne ke baad jo 2 June tak ke liye hai, Arvind Kejriwal ne apne ek _","SC ne ‘Statue of Justice’ ki aankhon se patti hata kar apni aankhon par baandh li, Kejriwal ke “jeet gaye toh jail wapas nahi jaayenge” wale bayan ke baad Fauxy, 18/05/2024 Supreme Court se ek anokhi aur udarta bhari bail milne ke baad jo 2 June tak ke liye hai, Arvind Kejriwal ne apne ek...",yes,
53,hmx-0519,Day 2 Audience Review on #Brahmastra it’s completely waste movie... #FLOP #FlopBrahmastra WORD OF MOUTH is very bad for #BrahmastraMovie Monday movie will die on box office. #Disaster loading #BrahmastraReview #BoycottBrahmastra #Brahmastra_ka_palita,"e००# 8 7 ""7@ लाध् lnctne lorominatln 8 यn TlLrH7 ea7n- Au2lehice Aeleou Dr IBrahmzstra 99 culm oleteil Wllistie Uuluw VDRL CF Tl-UTIL i५ .EIbsr lur NटrahmlestraliDuic UFLOP AFlaaErzhmlstra Tlaidz Ilovi ill die un dox Dfiice ADivaeter loading 99 ADreli mlistreRelg nBz at2rahr avtra ABreliInli! reIa callta CAKE .`4 260 909 0 77713 370010;%78 l-00ण""^0-.""0","8o0m B Eee chS Lude Ru""itan F Day Enrkonn: Auuiene# Reviem Dn #Brahmastta e cumpletey ""uste nove WORD OF MovTIIi: very Dar lor MBrahmnaxrMovie UFLOP #FlopGrahinastra Mandzy Idvi will di an bax ofh: e. ""Disaster loading 1 BrahmastroReview aBpvra# Brahmastra vBrahinistr % Faliea GAKE TRA 1 7 1 4o63u 3oc 6 Aect""aean",Day 2 Audience Review on #Brahmastra it’s completely waste movie... #FLOP #FlopBrahmastra WORD OF MOUTH is very bad for #BrahmastraMovie Monday movie will die on box office. #Disaster loading #BrahmastraReview #BoycottBrahmastra #Brahmastra_ka_palita,yes,
54,hmx-0346,"""PM MODI aur AQUAMAN ne haath milaye INDUS water ko PAKISTAN mein jaane se rokne ke liye.""","Il8 ""PM MODI aur AQUAMAN ne haath milaye INDUS water ko PAKISTAN mein jaane se rokne ke liye 0० JAL HAI TOH KAL HAl. PAR SIRF HAMARA!","IMB ""PM MODI aur AQUAMAN ne haath milaye INDUS water ko PAKISTAN mein jaane se rokne ke liye. MI JAL HAI TOH KAL HAI_ PAR SIRF HAMARAI","""PM MODI aur AQUAMAN ne haath milaye INDUS water ko PAKISTAN mein jaane se rokne ke liye."" JAL HAI TOH KAL HAI... PAR SIRF HAMARA!",yes,
55,hmx-0625,"iden ko to himmat hi nahi hui, sher se aankhen milane ki: ek bhadka hua bhakt","00% 3 rCr CHEc + GAKE Mukesh Garg १S hrs 0 Biden ko to himmat hi nahi hui sher se aankhen milane ki: ek bhadka hua bhakt""","0o0m B AcT ""GHECS FAKE Mukesh Garg 15 hrs 0 Biden ko to himmat hi nahi hui, sher se aankhen milane ki: ek bhadka hua bhakt""","Biden ko to himmat hi nahi hui, sher se aankhen milane ki: ek bhadka hua bhakt.",yes,
56,hmx-0297,"Zomato delivery partner road par besahara ro raha tha kyunki uska account block ho gaya tha. Uske paas apni behan ki shaadi ke liye bhi paise nahi the, khud ko paani nahi khila pa raha tha.","ब्रै E *R 2e0 carbon e0 plastic Zomato deliver/ partner road par besahara ro raha tha kyunki uska account block ho gaya tha Uske paas apni behan ki shaadi ke liye bhi paise nahi the, khud ko paani nahi khila pa raha tha. Tilu alva","8 E K zero carbon zero plastic Zomato delivery partner road par besahara ro raha tha kyunki uska account block ho gaya tha_ Uske paas apni behan ki shaadi ke liye bhi paise nahi the, khud ko paani nahi khila pa raha tha: Tlv alva","Zomato delivery partner road par besahara ro raha tha kyunki uska account block ho gaya tha. Uske paas apni behan ki shaadi ke liye bhi paise nahi the, khud ko paani nahi khila pa raha tha.",yes,
57,hmx-0344,"""COURAGE THE COWARDLY DOG ke ghar par NBC ne DR*G case mein raid ki, 5 ton ganja zabt kiya gaya.""","COURAGE THE COARDLY DOG ke ghar par NBC ne DR*G case mein raid ki, 5 ton ganja zabt kiya gaya. 00","'COURAGE THE COWARDLY DOG ke Ighar par NBC ne DR*G case mein raid ki, 5 ton ganja zabt kiya gaya: II","""COURAGE THE COWARDLY DOG ke ghar par NBC ne DR*G case mein raid ki, 5 ton ganja zabt kiya gaya.""",yes,
58,hmx-0652,"4 km lambi Rack train 4 engines ke saath, power plants ko coal supply karne ke liye war footing par chalayi ja rahi hai. Yeh hai #Modigovt aur @narendramodi ji ka #NewIndia!","Po%eh 00""""77 @*0 09-0 plants kD coal s-pply karna ka liye var tooting par tkm lambi Rack Erain eoginea kelsanth lpow e chalavi ja tani lai ten Wai @narendramadili Ka # NEvindial Ilodiqovtlaur opaOlndia ClRailMyilriula @CwulMinistry eulpaindin @BIPA Wlanarasntra DISLEIDIIO","Prakeeh Iataaa Cn plants ko coal supply kare ke liye war footing par km lambi Rack train engine: ke sath. powa chalayi ja rahi hai Yeh hai GnarendramodijI ka #Newlndlal Modigovt Jur @pvolina #RailMmkiula @CuulMiustry @UJPalrliu @B,P4Manaraantra ~ MISLEAdINg ]","4 km lambi Rack train 4 engines ke saath, power plants ko coal supply karne ke liye war footing par chalayi ja rahi hai. Yeh hai #Modigovt aur @narendramodi ji ka #NewIndia!",yes,
59,hmx-0339,"""VIJAY MALLYA ne SBI se 70,000 CR ROBUX ka loan liya Kingfisher Airlines ko Roblox mein re-buy karne ke liye.""","KINGFISI ""ZIJAY MALLIA ne SBI se ७०J००० CR ROBUX ka loan liya Kingfisher Airlines ko Roblox mein re-buy karne ke liye 0 AB ROBLOX MIEN IMAGE CLEAN KON KAREGA","KiNGeus ""VIJAY MALLYA ne SBI se 70,000 CR ROBUX ka loan liya Kingfisher Airlines ko Roblox mein re-buy karne ke liye: AB ROBLOX MIEN IMAGE CLEAN KON KAREGA","""VIJAY MALLYA ne SBI se 70,000 CR ROBUX ka loan liya Kingfisher Airlines ko Roblox mein re-buy karne ke liye."" AB ROBLOX MIEN IMAGE CLEAN KON KAREGA",yes,
60,hmx-0616,Ek vinamr anusmarak Jis din ek Adivasi mahila Bharat ki Rashtrapati banegi Us din desh mein aarakshan samapt kar dena chahiye. Dr. Bhimrao Ramji Ambedkar,२०e+ 2 7 [ा <-%0n1 Y८HEc* Ek vinamr anusmarak <+7=प r Jis din ek Adivasi mahila Bharat ki Ek vinamr anusmarak Rashtrapati banegi Us din desh mein aarakshan samapt kar Dr Bhimrao Ramji Ambedkar dena chahiye,"2094 B Lede Em Et Yas Ek vinamr anusmarak 173"" FKD Jis din ek Adivasi mahila Bharat ki Ek vinamr anusmarak Rashtrapati banegi Us din desh mein aarakshan samapt kar Dr Bhimrao Ramji Ambedkar dena chahiye",Ek vinamr anusmarak Jis din ek Adivasi mahila Bharat ki Rashtrapati banegi Us din desh mein aarakshan samapt kar dena chahiye. Dr. Bhimrao Ramji Ambedkar,yes,
61,hmx-0643,"Dekhiye BJP shasit Maharashtra ka haal. Har bag mein BJP ka poster, ek banner aur ek GOLD biscuit mila Nanded, Maharashtra mein. Modi aur Amit Shah ka yahi plan hai kya 400+ seat jeetne ka?","290 89%# 3 ऑEढ १cा cHEc+ %6180|9461 SUnil Gavaskar Un Stei Scoits: am dsiizitied LU Cell niye=ll Inulalia + Sl4n 5}0"" cli Jabzs Ltltaalr Ciittt Wuile UL0 tttl. ~00 Khaeli gtadiuiiis, QDi Scurebuard ttitl Jzi BCCI I Latiicit tiaiiag sitiene!* 200 G:!dctal ne kRuchi nahl chiliuda TAL= celnt tlciria 0l~103:8,2023*2301 FIE 631089 218 0|06: 9 300|8061710 0 2ल 890","d Goom B 4sG AcT ""GHEcY Juala lloncty { Sunil Gavaskar un Star Spoits: TTam astamed tu call myseI Indian_ 7, StAA Stv"" Yeh sabse Dekaar Crlcket WVurld Cup Ia. 2 Khaali stadlurs, Kol scurebuard Jan, aur BcCI ki patietic Matageent!"" 1. 7 Gavaskai ne kuch nahi chhuda 3aze Dolne rein _ Ki-Caij0 3 2301 FAKE { , Reoosta 218 Qucta 30o Bojanns 2 1 { 6 4","Sunil Gavaskar on Star Sports: ""I am ashamed to call myself Indian. Yeh sabse bekaar Cricket World Cup hai. Khaali stadiums, koi scoreboard nahi, aur BCCI ki pathetic management!"" Gavaskar ne kuch nahi chhoda bolne mein.",no,Metadata/image mismatch; image appears to contain hmx-0647 content (swapped pair).
62,hmx-0108,Delhi mein paani ke liye tanker pe jhagde ho rahe hain — heatwave aur water crisis se haalat kharab.,Delhi mein paani ke liye tanker pe jhagde ho rahe hain heatwa e aur vater crisis se haalat kharab.,Delhi mein paani ke liye tanker pe jhagde ho rahe hain heatwave aur water crisis se haalat kharab.,Delhi mein paani ke liye tanker pe jhagde ho rahe hain — heatwave aur water crisis se haalat kharab.,yes,
63,hmx-0245,"26 saal ki EY employee kaam ke stress ke kaaran marr gayi, uski maa ne boss ko ek dil tod dene waala email bheja. Is dukh bhari maut se log gusse mein hain, office se koi bhi uske funeral mein nahi aaya.","alva २६ saal Ki Eremployee kaam ke stress ke kaaran marr gayi, uski maa ne boss ko ek dil tod dene waala email bheja. Is dukh bhari maut se log gusse mein hain, office se koi bhi uske funeral mein nahi aaya. &्लै","Aa 26 saal ki EY employee kaam ke stress ke kaaran marr gayi, uski maa ne boss ko ek dil tod dene waala email bheja. Is dukh bhari maut se log gusse mein hain, office se koi bhi uske funeral mein nahi aaya. 1 8","26 saal ki EY employee kaam ke stress ke kaaran marr gayi, uski maa ne boss ko ek dil tod dene waala email bheja. Is dukh bhari maut se log gusse mein hain, office se koi bhi uske funeral mein nahi aaya.",yes,
64,hmx-0337,"""Fikr mat karo! 2047 tak humare paas flying cars hongi!""","MUMBAI IERI JAANBYIANJUL Fikr mat karo! २०४७ tak humare paas flying cars hongi!"" &्. OIIANUL @MIANJULtoons http /llinktr ee manjultoons","MUMBAI MERI JAAN BV MANJUL Fikr mat karo! 2047 tak humare paas flying cars hongi!"" 4. @MANUUL @MANJULtoons http / Hlinktr,ee/manjultoons","MUMBAI MERI JAAN BY MANJUL ""Fikr mat karo! 2047 tak humare paas flying cars hongi!""",yes,
65,hmx-0092,America se kuch zyada seekh rahe hain? Bihar mein 5 saal ka bachcha school mein bandook le gaya aur classmates par goli chala di,श्रै * America se uch zyada seem rahe hain? Bihar mein 5 saal ka bachcha school mein ~alVil,8 1 America se kuch zyada seekh Irahe hain? Bihar mein 5 saal ka bachcha school mein Talta,America se kuch zyada seekh rahe hain? Bihar mein 5 saal ka bachcha school mein,yes,Source image/caption is visibly truncated; gold transcription follows only the visible claim-bearing text.
66,hmx-0543,"Aapka COVID-19 infection ka risk kam karne ke liye:STAY HOME, STAY SAFE #stayhome #staysafe Covid Medicine list (Hospital me milti hai):Paracetamol, Betadine for mouthwash and gargle, Vitamin C and D tablets, B Complex, Zincovit capsules for steam, Oximeter (oxygen level check karne ke liye), Oxygen cylinder for emergency use, ORS (rehydration ke liye) Note: Yeh list fake hai – sahi treatment ke liye hamesha doctor se consult karein.","*01""04229 Faurd CDUID Lo Intechun %a 4I0-19 OEi Dam coroo wo llo 1100 Oml STAY HON= STAY SAFE 6caplicua <[3=314 Cuwd Madleina lrat ( Hu Pital oatik Ooill: Gगाecolanio Batadina ter moLtndasn lana 62(|009 Vcamin CanaD tauler ghr pe rahiye 0 Cone ex Ziacuult cautulet IcT Etoam surakshit rahiye Damater (orvdon lote chod caina k० Inol Oavoon Elindor Ior Cerrewग नषगरय- e%uo0-7 =%0","roulllo Kaplx COVID 19 infecbon k JID-19 VkRn 'rna I IioN Mm STaY Hove Stay S4FE ftLnr ccanate Cuva Mudicine Itt (Hujpital N MiEi nail: Faricolini Betadine Icr moutrduih Jnd Qfule Veamin C jrjdeoulats ghr pe rahiye 8 Cenoex Ziovi cauiule: Icr Steam surakshit rahiye Oumater (@eyqan |ete]chack Romeku 1r9) Oryqan Calinder fur ""tettom: #ulret- anqunci@u","Aapka COVID-19 infection ka risk kam karne ke liye: STAY HOME, STAY SAFE #stayhome #staysafe Covid Medicine list (Hospital me milti hai): Paracetamol Betadine for mouthwash and gargle Vitamin C and D tablets B Complex Zincovit capsules for steam Oximeter (oxygen level check karne ke liye) Oxygen cylinder for emergency use ghr pe rahiye surakshit rahiye",yes,
67,hmx-0416,"Ab usse dhakka mukki karoge to wo to pel hi dega na. Marshal art @RahulGandhi ne sirf photo khinchane ke liye thodi na seekha hai, #Raga_ne_pel_diya","ANIL @anilracaumediai Dec 1९, 20२4 Lb usse dhakka muRRI Raroge to ""ID to pelIhi dega Ina Marshal art @RahulGandhi ne sirf photo khinchane ke liye thodi na seekha hai, Raga ne pel_diya","ANIL @AnilYadavmedial Dec 19,2024 4b usse dhharka mukki Karoge t0 Wo to pelhidcga na Marshal art @RahulGandhi ne sirf photo khinchane ke liye thodi Ina seekha hai; tRaga_ne_pel_diya","Ab usse dhakka mukki karoge to wo to pel hi dega na. Marshal art @RahulGandhi ne sirf photo khinchane ke liye thodi na seekha hai, #Raga_ne_pel_diya",yes,
68,hmx-0536,The national tricolor was removed and replaced with a saffron flag.,"000n 8 CHEET Rondev 0 Beef Oaal Blmanlttalaa Pak oalllachamnalhlbdemal TT 7 Biryani + GAKE फ-त0- 700 PATANIAI | "" """,6o04 B ChEOT Ramdev Beef Ueot Blnanltelay Patinbubchnhlhtemtl art 7 Biryani 7 GAKE Ecmms Eena TATANIAIL 1 1 5,Ramdev Beef Biryani Beef Biryani ko laya Patanjali ka chawal hi istemal karen,no,Metadata/image mismatch; image content is unrelated to the associated reference claim.
69,hmx-0605,love jihad mai nabalik hindu ladkio ko kese akbar babur kai haram ki ye najayaz olade fsate hai ye video dekho aur aas paas apni aakhe khuli rakho dusro ko bhi btao,e००# Dcv Gupta 3 7 D=-EIIIL=i al2l - Ycटc २५1 WEWS Oucrnci Commcnts Your rcplics love jihad mai nabalik hindu ladkio ko kese akbar babur kai haram ki ye najayaz olade Isate nai ye video dekho aur aas paas apni aakne khuli rakno dusro ko bhi lbtao IIKEI,"eoom Dcv Gupta B {Cedil "" 321.M4. 'chc 251 MEw5 Ovcmnc Commcnts Your rcplics love jihad mai nabalik hindu Iadkio ko kese akbar babur kai haram ki ye najayaz olade fsate hai ye video dekho aur aas paas apni aakne khuli rakho dusro ko bhi brao FFAKE",love jihad mai nabalik hindu ladkio ko kese akbar babur kai haram ki ye najayaz olade fsate hai ye video dekho aur aas paas apni aakhe khuli rakho dusro ko bhi btao,yes,
70,hmx-0254,Anant Ambani ne Mumbai ke Lalbaugcha Raja ko 20-kg sone ka mukut daan kiya: Kimat ₹15 crore. Yeh daan Ganesh Chaturthi samaroh se pehle kiya gaya tha.,g Anant Ambani ne Mumbai ke Lalbaugcha Raja ko २०-kg sone ka mukut daan kiyaः Kimat ३l5 crore Yeh daan Ganesh Chaturthi samaroh se pehle kiya gaya tha. alva,8 Anant Ambani ne Mumbai ke Lalbaugcha Raja ko 20-kg sone ka mukut daan kiya: Kimat {15 crore. Yeh daan Ganesh Chaturthi samaroh se pehle kiya gaya tha. anta,Anant Ambani ne Mumbai ke Lalbaugcha Raja ko 20-kg sone ka mukut daan kiya: Kimat ₹15 crore. Yeh daan Ganesh Chaturthi samaroh se pehle kiya gaya tha.,yes,
71,hmx-0626,Kuwait se ghar waapsi,399^ Lallulal Yadav 8 १२ hrs CKE % Cec+ Kuwait se ghar Waapsi,"Boom Lallulal Yadav B 2 kurs GAKD C ""GhECY Kuwait se ghar waapsi",Kuwait se ghar waapsi,yes,
72,hmx-0647,"Sunil Gavaskar on Star Sports: ""I am ashamed to call myself Indian. Yeh sabse bekaar Cricket World Cup hai. Khaali stadiums, koi scoreboard nahi, aur BCCI ki pathetic management!"" Gavaskar ne kuch nahi chhoda bolne mein.","69%# CHEc+ 8 totacटणाप CEUU 0 AलT 79 709 Dekhiye BI snasit Maharashtra ka haal .. Ha/ bag mein BJl ka poszer, ek banner aur ek 8 GOLD biscuit mila Nanded hanarashtra mein. "" Idodi aur umit Snan ka yani plan hai kya 4७D + seat jeeine ka! 121$7 399 A 299 90 "" 0240 0 "" + 390","1 Go04 ~GHECY 8 Mjeaittt MdMi AcT Sa Saa { Dekhiye BJP shasit Maharashtra ka haal "" A Har bag mein BJP ka poster, ek banner aur ek { GOLD biscuit mila Nanded, Maharashtra mein. 7 Madi aur Amit Shan ka yani ( plan hai kya 400+ Iseat jeetne ka? Ase { FALSE 7 < { Eo Ear 1 7 7 .","Dekhiye BJP shasit Maharashtra ka haal... Har bag mein BJP ka poster, ek banner aur ek GOLD biscuit mila Nanded, Maharashtra mein. Modi aur Amit Shah ka yahi plan hai kya 400+ seat jeetne ka?",no,Metadata/image mismatch; image appears to contain hmx-0643 content (swapped pair).
73,hmx-0470,Tesla ne India mein apna pehla showroom launch kiya... Aur humare Finance Minister Sitaraman ji ka reaction – (Emraan Hashmi style) 'Aa gaya swaad!,Tesla ne India mein apna pehla showroom launch kiya... Aur humare Finance Minister Sitaraman ji ka reaction Sitaraman,Tesla ne India mein apna pehla showroom launch kiya . Aur humare Finance Minister Sitaraman ji ka reaction Sitaraman,Tesla ne India mein apna pehla showroom launch kiya... Aur humare Finance Minister Sitaraman ji ka reaction,yes,
74,hmx-0480,"""Proper Comedy Rajya Sabha mein bhaashan sunte sunte so gaye, naach rahe gilliya""","Plishu Wlan E0%^ Proper Corr edy U"") UsaIDND| Ralya Jauhamncini-naa na""sun s uns co-ayc aachlal- 11 )-00""7771(","Nishuthan 8004 ""Proper Comedy 8 ~MISLEAdind] RaJye Sabhamein Bhuathan #Lnte #unte #0 guye, naach rane #ccmtnn: Cameanl","""Proper Comedy"" Rajya Sabha mein bhaashan sunte sunte so gaye, naach rahe",yes,
75,hmx-0508,"Shivamogga mein Muslim ladkon ne Hindu ladkon ke sir par kesariya kapda baandha, pattharbaazi, aur kaanch todne jaise kaand kiye.","ँinad ranarhu 200 - Shivamogga mein Muslim ladkon cie ne Hindu ladkon ke sir par kesariya kapda baandha, pattharbaazi aur kaanch todne jaise kaand kiye. HAAE +771003 10 610036","VinodKanachu 8o0m 3 Shivamogga mein Muslim ladkon che ne Hindu Iadkon ke sir par kesariya kapda baandha, pattharbaazi, aur kaanch todne jaise kaand kiye: ""FAKEJ Egnroi 1n ;har?","Shivamogga mein Muslim ladkon ne Hindu ladkon ke sir par kesariya kapda baandha, pattharbaazi, aur kaanch todne jaise kaand kiye.",yes,
76,hmx-0192,"Jharkhand mein Congress mantri ke secretary ke ghar ED raid, ₹25 crore cash milaVirendra Ram case se judi thi yeh raid.","&्ै Jharkhand mein Congress mantri ke secretary ke ghar ED raid, =२५ crore cash mila Virendra Ram case se judi thi yeh raid. ""llie alva","[ Jharkhand mein Congress mantri ke secretary ke ghar ED raid, {25 crore cash mila Virendra Ram case se judi thi yeh raid. The alva","Jharkhand mein Congress mantri ke secretary ke ghar ED raid, ₹25 crore cash mila Virendra Ram case se judi thi yeh raid.",yes,
77,hmx-0196,"Harry Potter aur Downton Abbey ki superstar, Oscar winner abhinetri Maggie Smith 89 saal ki umar mein chal basi. Ek saal pehle Dumbledore a.k.a. Michael Gambon bhi chal base the!",श्ै Harry Potter aur Downton Abbey Ri superstar Oscar winner abhinetri Maggie Smith 8९ saal ki umar mein chal basi. El saal pehle Dumbledore aka. Michael Gambon bhi chal base the! atva `lhe,8 1 Harry Potter aur Downton Abbey ki superstar 1 Oscar winner abhinetri Maggie Smith 89 saal ki umar mein chal basi. Ek saal pehle Dumbledore a.k.a: Michael Gambon bhi chal base thel alva The,"Harry Potter aur Downton Abbey ki superstar, Oscar winner abhinetri Maggie Smith 89 saal ki umar mein chal basi. Ek saal pehle Dumbledore a.k.a. Michael Gambon bhi chal base the!",yes,
78,hmx-0557,"Al Mujibur Rahman College, Dhaka, Bangladesh. Hindu students are identified and beaten to death."" Hindu chhatron ko pehchaan kar maar diya gaya.","eoo Ycne 8 IUdEnLs arE icnttiEuai Dzaten ID drath- lUIIDULI 118 CullEyc malta, -lngIaJEain 2 Iindu datron Io penchaan lwr Inaar dia gaya साप 7 / "" ""2)0111*_20|2+2021 co1 6uir 12|0 11| *1 1 7",Goo4 Gch9 B students arE denblied Ji Deaten [D death FlpouI Tc college nako; Dongudesn 7 Jindu chhatron ko pehchaan kai Maa diye g4yJ FALSE 2 7 7 ujorECoo.402t J ae 1 Cal M nn De,"Al Mujibur Rahman College, Dhaka, Bangladesh. Hindu students are identified and beaten to death. Hindu chhatron ko pehchaan kar maar diya gaya.",yes,
79,hmx-0725,"BBC NEWS “Woh madad lene gaya aur wapas nahi aaya""","8 8 ट NEWS BBC NEWS ""Noh madad lene gaya aur wapas nahi aaya""","B B dNEWS BBC NEWS ""Woh madad lene gaya aur wapas nahi aaya""",BBC NEWS “Woh madad lene gaya aur wapas nahi aaya”,yes,
80,hmx-0011,Indian-American Youtuber ne bataya Pahalgam aur Operation Sindoor ka sachh.,Indian American Youtuber ne bataya Pahalgam aur Operation Sindoor ka sachh. १२.MAY.25 INDIAINLASTZAHR,Indian-American Youtuber ne bataya Pahalgam aur Operation Sindoor ka sachh: 12.MAY.25 INDIAINLAST2AHR,Indian-American Youtuber ne bataya Pahalgam aur Operation Sindoor ka sachh.,yes,
81,hmx-0699,"Internet ka kehna hai Prakash Raj Special Ops season 2 mein 'useless' hai, memes social media par chha gaye","#Entertainment Internet ka kehna hai Prakash Raj Special Ops season 2 mein 'useless hai, memes social media par chha gaye Swipe","#Entertainment Internet ka kehna hai Prakash Raj Special Ops season 2 mein 'useless' hai, memes social media par chha gaye Swipe","Internet ka kehna hai Prakash Raj Special Ops season 2 mein 'useless' hai, memes social media par chha gaye",yes,
82,hmx-0057,"Ek rare 80,000-saal purana mystery comet Bengaluru ke aasmaan ko pink aur yellow mein roshan kar raha hai | VISUALS DEKHO. Aasmaan mein yeh khoobsurat nishaan social media par viral ho gaye hain.","श्ै Ek rare 8०,o०O-saal purana mystery comet Bengaluru ke aasmaan ko pink aur yellow mein roshan kar raha hai | VISUALS DEKHO. Aasmaan mein yeh khoobsurat nishaan social media par viral ho gaye hain alva","8 1 Ek rare 80,000-saal purana mystery comet Bengaluru ke aasmaan ko pink aur yellow mein roshan kar raha hai | VISUALS DEKHO. Aasmaan mein yeh khoobsurat nishaan social media par viral ho gaye hain: anta","Ek rare 80,000-saal purana mystery comet Bengaluru ke aasmaan ko pink aur yellow mein roshan kar raha hai | VISUALS DEKHO. Aasmaan mein yeh khoobsurat nishaan social media par viral ho gaye hain.",yes,
83,hmx-0477,"aj Somvaar ke din hue nahi na utsav ka mahaul hai!! Hum sab jaante hain kyun Gyanvapi garbhgrih ke khudai wali jagah Shivling mila hai, do jagah seal honge – Varanasi Court.","AITRD crwantlnhuah 0V@l Deeटाो 7[1*2 *-07700""771 77= "" *7707""7100 77717 nalu Hum 5ab Shi Ing Irila 777 qab ७arh kc rinucal 77 G r""ZE 4[017 |37an DnDit 17777750177017 7 %7[7271777*577",CEnAtuntha KicoIc DOrad mee Ciaia Amanam K4i_ ^uc nahine haldum Zb Shlving Tila HaAni oibnarhkc khuc l Ntmr Grwac F Iogah nondc Marseec Comrt Cna iininen,"aj Somvaar ke din hue nahi na utsav ka mahaul hai!! Hum sab jaante hain kyun Gyanvapi garbhgrih ke khudai wali jagah Shivling mila hai, do jagah seal honge - Varanasi Court.",yes,
84,hmx-0279,20 saal ki Rachel Gupta bani pehli Indian jinhone Miss Grand International jeeta: History likh di.,alva nexT ]7 DOOR २० saal ki Rachel Gupta bani pehli Bharatiya jinhone Miss Grand International jeeta: Itihaas rach diya | Dekhiye visuals Is global beauty pageant mein ७०+ deshon ki mahilaayein shamil hui thi. ढै,Tatva next F DQQR 20 saal ki Rachel Gupta bani pehli Bharatiya jinhone Miss Grand International jeeta: Itihaas rach diya | Dekhiye visuals Is global beauty pageant mein 70+ deshon ki mahilaayein shamil hui thi. 5 |,20 saal ki Rachel Gupta bani pehli Bharatiya jinhone Miss Grand International jeeta: Itihaas rach diya | Dekhiye visuals Is global beauty pageant mein 70+ deshon ki mahilaayein shamil hui thi.,yes,
85,hmx-0489,"""Azadi"" chhodi, Azamgarh se Azam hai. Pehle Ghulam Nabi Azad Congress ke Azadi ke liye lad rahe the, ab Azadi chhod ke Ghar wapas aa gaye hain Amit Shah ke paas.","0०म 8 1[0""<9< Tce d!rn5-f5:-*7* Azadi"" chhodi, Azamgarh se Azam hai CAKD Pehle Gnulam Nabi Azad Congress ke Azadi ke liye lad rahe the ab Azadi Shhod ke paas. ke Ghar wapas aa gaye naiin Amit + ""","1004 B at Trans Entar #tt"" 'Azadl"" chhodi; Azamgarh sc Azam hal 'GAKD Pehle Ghulam Nabi Azad Congress ke Azadi ke llye Iad rahe the; ab Azadi Shboc ke paas. ke Ghar wapas aa gaye hain Amit 7 2 1","""Azadi"" chhodi, Azamgarh se Azam hai. Pehle Ghulam Nabi Azad Congress ke Azadi ke liye lad rahe the, ab Azadi chhod ke Ghar wapas aa gaye hain Amit Shah ke paas.",yes,
86,hmx-0319,"Pilot: ""Fuel kyun cut kiya?"" Doosra pilot: ""Maine nahi kiya!"" Air India flight ke engines take-off ke baad band ho gaye — blackbox ne sab reveal kar diya.",Fuel kyun Maine cut kiya? nahi kiya! Air India flight ke engines take-off ke baad band ho gaye blackbox ki report ne sab reveal kar diya Pilot recording me bhi sunai diya ki dono discuss kar rahe the ki cngine kisne band kiya alva,Fuel kyun Maine cut kiya? nahi kiya! Air India flight ke engines take-off ke baad band ho gaye blackbox ki report ne sab reveal kar diya: Pilot recording me bhi sunai diya ki dono discuss kar rahe the ki engine kisne band kiya. alta,Fuel kyun cut kiya? Maine nahi kiya! Air India flight ke engines take-off ke baad band ho gaye — blackbox ki report ne sab reveal kar diya. Pilot recording me bhi sunai diya ki dono discuss kar rahe the ki engine kisne band kiya.,yes,
87,hmx-0687,Air India ke plane ki tail landing ke baad Delhi Airport par aag lag gayi; passengers surakshit hain,"Cemedy Culजureain २२ July, २०२५ Aabam2o dbod ogira IT-EXH talluv1101%0*1 Air India ke plane Ki tail landing ke baad Delhi Airport par aag lag gayi; passengers surakshit hain","C-med_Culburein 22 July, 2025 AiR NDUA VT-EXH AuuiA0c Air India ke plane ki tail landing ke baad Delhi Airport par aag lag Igayi; passengers surakshit hain",Air India ke plane ki tail landing ke baad Delhi Airport par aag lag gayi; passengers surakshit hain,yes,
88,hmx-0418,Bharat Sarkaar Manipur Bharat Sarkaar Israel,MANIPUR Bharat Sarkaar ISRAEL Bharat Sarkaar,MANIPUR Bharat Sarkaar ISRAEL Bharat Sarkaar,MANIPUR Bharat Sarkaar ISRAEL Bharat Sarkaar,yes,
89,hmx-0051,"We will win 295 seats just like Sidhu Moosewala's song': Rahul Gandhi as he calls exit-polls fake | WATCH Meanwhile, his mother has claimed 272 seats of I.N.D.I.A. bloc ahead of results.","taran : Rahul Gandhi ne kana exit polls jhoothe hain | WATCH Hum leetenge Z९५ seats bilkul Sidhu Moosewala ke gaane KIl Wahiin, unki maa ne claim kiya hai ki IND IA. bloc २७२ seats jeet raha hai results se pehle aulVit","tarah""; Rahul Gandhi ne kaha exit polls jhoothe hain | WATCHI Hum jeetenge 295 seats bilkul Sidhu Mpoasewala ke gaane kil Wahiin; unki maa ne claim kiya hai ki LND.LA. bloc 272 seats jeet raha hai results se pehle: 3 Ala","Hum jeetenge 295 seats bilkul Sidhu Moosewala ke gaane ki tarah: Rahul Gandhi ne kaha exit polls jhoothe hain | WATCH Wahin, unki maa ne claim kiya hai I.N.D.I.A. bloc 272 seats jeet raha hai results se pehle.",yes,
90,hmx-0691,"‘F*ck off, Indians’: Ek Indian student par Australia mein jaati-bhedbhav ke chalte brutal hamla, sadak ke beech chhod diya marne ke liye | VIDEO dekhein 5 aadmiyon ne metal knuckles se us par sadak ke beech hamla kiya.","श्रै "" Fxckoff, Indians : EIndian डtuaent par Australia mein jaati-bhedbhav ke chalte brutal hamla, sadak ke beech chhod diya marne ke liye VIDEO dekhein 5 aadmiyon ne metal knuckles se us par sadak ke beech hamla kiya. alva Tli","8 1 Frck Off;, Indians : Ek Indan student par Australlia Imein jaati-bhedbhav ke chalte brutal hamla, sadak ke beech chhod diya marne ke liye VIDEO dekhein 15 aadmiyon ne metal knuckles se Us par sadak ke beech hamla kiya: alva Tle","‘F*ck off, Indians’: Ek Indian student par Australia mein jaati-bhedbhav ke chalte brutal hamla, sadak ke beech chhod diya marne ke liye | VIDEO dekhein 5 aadmiyon ne metal knuckles se us par sadak ke beech hamla kiya.",yes,
91,hmx-0312,"‘Pakistan mein 50 million log mental disorders se suffer kar rahe hain’ Karachi: Kareeb 50 million log Pakistan mein aam mental problems se joojh rahe hain. Yeh bimari 15 se 35 million adults ko effect karti hai, jo ki population ka 10-20% hai. “Takriban 2 crore bachche yaani 10% population ko mental health specialist ki zarurat hai,” yeh kaha Dr Ayesha Mian ne, jo Aga Khan University mein psychiatry department ki chairperson hain. Unhone yeh baat Karachi Press Club mein mental health par hui ek baatcheet mein kahi. Yeh session World Mental Health Day ke connection mein 10 October ko organize kiya gaya tha.","DAWN E PAFER| WEY २९ २०२५ HDNE LATEST PANINDIA TIES GAZA SIEGE PANISTAN CPINIDN BLSINESS IMAGES PRIS W 0 Pakistan mein ५० million log mental disorders se suffer kar rahe hain Karachi: Kareeb ५० million log Pakistan mein aam mental problems se joojh rahe hain. Yeh bimari 1५ se ३५ million adults ko effect karti hai, jo ki population ka 1O-२०% hai. ""Takriban 2 crore bachche yaani Lo% population ko mental health specialist ki zarurat hai, yeh kaha Dr Ayesha Mian ne, jo Aga Khan University mein psychiatry department ki chairperson hain. Unhone yeh baat Karachi Press Club mein mental health par hui ek baatcheet mein kahi. Yeh session World Mental Health Day ke connection mein LO October ko organize kiya gaya tha.","DAWN E-PAPER VAY 202025 HOME LATEST PaK-INDIA TIES GAZA SIEGE PAKISTAN OPINION BUSINESS IMAGES Prism w @ Pakistan mein 50 million log mental disorders se suffer kar rahe hain' Karachi: Kareeb 50 million log Pakistan mein aam mental problems se joojh rahe hain: Yeh bimari 15 se 35 million adults ko effect karti hai, jo ki population ka 10-20% hai. ""Takriban 2 crore bachche yaani 10% population ko mental health specialist ki zarurat hai; yeh kaha Dr Ayesha Mian ne, jo Aga Khan University mein psychiatry department ki chairperson hain. Unhone yeh baat Karachi Press Club mein mental health par hui ek baatcheet mein kahi: Yeh session World Mental Health Day ke connection mein 10 October ko organize kiya gaya tha:.","‘Pakistan mein 50 million log mental disorders se suffer kar rahe hain’ Karachi: Kareeb 50 million log Pakistan mein aam mental problems se joojh rahe hain. Yeh bimari 15 se 35 million adults ko effect karti hai, jo ki population ka 10-20% hai. “Takriban 2 crore bachche yaani 10% population ko mental health specialist ki zarurat hai,” yeh kaha Dr Ayesha Mian ne, jo Aga Khan University mein psychiatry department ki chairperson hain. Unhone yeh baat Karachi Press Club mein mental health par hui ek baatcheet mein kahi. Yeh session World Mental Health Day ke connection mein 10 October ko organize kiya gaya tha.",yes,
92,hmx-0623,"Har mandir mein mujhe dabaya gaya, mujhe zameen mein daba ke ‘bhool’ gaye the log!","099^ |3 0 ' CHcc* Woanldne votp+ mao <noen 00!* 07 to iuedi0""e -9 [क़ट","goom B ram ""GHECS mndeaumm Aanttn Pi"" GT 4bid"" Oureeo FAKE]","Har mandir main mujhe dabaya gaya, mujhe zameen main daba ke ‘bhool’ gaya the log!",yes,
93,hmx-0354,"IIM Calcutta rape case mein survivor ki family chup, SIT ko mil raha struggle.","ThePrint IIM Calcutta rape case mein survivor ki family chup, SIT ko mil raha struggle. rpmणsगण J फःLa 6at: िउमन रेग रठिॅठ 97 षान्प छ","ThePrint IIM Calcutta rape case mein survivor ki family chup, SIT ko mil raha struggle: EBA ASTtn DAXECF Fleyna 3ui65 4 0r76","IIM Calcutta rape case mein survivor ki family chup, SIT ko mil raha struggle.",yes,
94,hmx-0560,"Pakistan jald hi ghutno par hoga, yeh ek vaada hai Hind ki ek beti ki taraf se.) Jai Hind Colonel Sofiya Qureshi pehli mahila hain jo Bharat ki sena ke ek multi-national military exercise Force 18 mein ek contingent ki leadership kar rahi hain, jo Commentary Pradayi, India mein ho raha hai.","eoo Ycie 8 Col Sofiya Qurcshi Pakistan jald hi ghutno Wnrenn rokistan par hoga yeh ek vaada "" promise ( se. hai Hind ki ck Dcti ki tarar Jai Hina Eu 7 Jay |41 "" ळे डत ४४ @rsoe **0@ TO५ Srठ Col Sutlya Qureahi + ahगal tchar clmu oatehwm ltalh 0)010 codc Bio Dar ru hain la Commenary erdlze Farre LB meine- cpr tnoentl e28""""In02""ci0|91-79003","Goo4 Grc9 B Col Sofiya Qurcshi Pakistan jald hi ghutno Meresh Hte Kakkistan par hoga, yeh ek vaada 1 promise tse; (hai Hind ki ek beti ki taraf Jai Hind FAK 1 Jay Hi 1 79r8a So Brsde 78O@ FoG SrZ ~ Col Soflya Qureshl 1' Jhatat ! Eeniteelmit natonamian nainio cdcrtipKar nhnaln / Commertary Rercise Force 18 mein el Cortinozne h Id4y , IncieTeintha Taha he { C","Pakistan jald hi ghutno par hoga, yeh ek vaada hai Hind ki ek beti ki taraf se. Jai Hind Col Sofiya Qureshi pehli mahila hain jo Bharat ki sena ke ek multi-national military exercise Force 18 mein ek contingent ki leadership kar rahi hain, jo Commentary Pradayi, India mein ho raha hai.",yes,
95,hmx-0019,"Pehle barf se dhaka tha, ab Antarctica hara ho raha hai: Scientists shocked Satellite pics dekh ke sab ghabra gaye, researchers turant pahunch gaye…",":0177;1 Pehle barf se dhaka tha, ab Antarctica hara ho raha hai: Scientists shockea Satellite pics dekh ke sab ghabra gaye, researchers turant pahunch gaye 6","ana Pehle barf se dhaka tha, ab Antarctica hara ho raha hai: Scientists shocked Satellite pics dekh ke sab ghabra gaye, researchers turant pahunch gaye:- 6","Pehle barf se dhaka tha, ab Antarctica hara ho raha hai: Scientists shocked Satellite pics dekh ke sab ghabra gaye, researchers turant pahunch gaye...",yes,
96,hmx-0454,"“Islam duniya ka sabse tezi se badhne wala dharm hai, pichle 10 saalon mein 347 million se badha. Hindu chauthe number par hain.”","WEWड18 wali religion hai, pichle LO saalon mein ""lslam duniya ki sabse tezi se bbadhne ३४7 million se zyada badha, Hindus chauthe number par","NEws8 wali religion hai, pichle 10 saalon mein ""Islam duniya ki sabse tezi se badhne 347 million se zyada badha, Hindus chauthe number par","""Islam duniya ki sabse tezi se badhne wali religion hai, pichle 10 saalon mein 347 million se zyada badha, Hindus chauthe number par.""",yes,
97,hmx-0294,Jeevansathi Report 2025: What Do Indian Singles Really Think About Love & Marriage? A new Modern Matchmaking Report by Jeevansathi surveyed thousands of Indian singles across metros and small towns. Here’s what the findings reveal:,श्लै Jeevansathi Report २०२५: What Do Indian Singles Really Think About Love & Marriage? Anew Modern Matchmaking Report by Jeevansathi surveyed thousands of Indian singles across metros and Tlut alva,8 1 Jeevansathi Report 2025: What Do Indian Singles Really Think About Love & Marriage? A new Modern Matchmaking Report by Jeevansathi surveyed thousands of Indian singles across metros and The alva,Jeevansathi Report 2025: What Do Indian Singles Really Think About Love & Marriage? A new Modern Matchmaking Report by Jeevansathi surveyed thousands of Indian singles across metros and,yes,Source image/caption is visibly truncated; gold transcription follows only the visible claim-bearing text.
98,hmx-0722,"Atheist Krishna’, jinke memes ne PM Modi ko muskura diya, pneumonia se wafat pa gaye.","NIV Atheist Krishna , jinke memes ne PM Modi ko muskura diya pneumonia se wafat pa gaye Image tweeted by @Atheist Krishna","NOTV Atheist Krishna' , jinke memes ne PM Modi ko muskura diya, pneumonia se wafat pa gaye: Image tweeted by @Atheist_Krishna","‘Atheist Krishna’, jinke memes ne PM Modi ko muskura diya, pneumonia se wafat pa gaye.",yes,
99,hmx-0661,Sachcha baat hai Agar aap Aam Aadmi Party ke hain to Himachal ki matao behnon ko milega 1000 rupay pratimaah – Arvind Kejriwal,"econ 8 Sachhi Baat ९८ )६7 LAK फाररत पनणन सगरायएात Eट नताः हिनाचल को माताओं बहनों को मिलेगा १००० रुपये प्रतिमाह nC Jरुा अरविद चजरीवाल 112स841-6""4 ]0?? ultu"" Fn 171 7017 रl१+--c",8oo4 B Sachhi Baat Sto FAkD WrEd 7annurtt Ier Hl: fangdianpit-aeaial] fiapit 1000 343 Hiadire lc 46 Jrfar drirlct 0TJ44n 77> C4man Piuta Aligeenn Lintta Fat ILer Jc,Sachhi Baat हिमाचल की माताओं-बहनों को मिलेगा 1000 रुपये प्रतिमाह - अरविंद केजरीवाल,yes,
100,hmx-0606,Ajay Singh Bisht ko baune par throughout ke chal jahoorn na bahut beizzati hoi...Gajab beizzati hai! 😜😂,"8००^ LincEn Cnaunon B Ajay Singh Bisht ko baune par dizsll chiaulall ख throughout ke chal jahoorn na bahut beizzati hoi. . = Gajab beizzati hai! ""277e10+ 0:00 2:38[| +|Feb5,20022 Wuliet for Andioid","Boom Dinecn Chounan B Ajay Singh Bisht ko baune par rulneshcheulan Fcg throughout ke chal jahoorn na bahut beizzati hoi . GAKB Gajab beizzati hai! ] O4 O0d 2.36 PV . Feb5,2022 Wittet for Artroid",Ajay Singh Bisht ko baune par throughout ke chal jahoorn na bahut beizzati hoi... Gajab beizzati hai!,yes,
101,hmx-0453,"Adani ki companiyon ne NDTV mein 29.18% bade stakes 'indirectly' khareed liye hain, aur ₹492.8 crore ka open offer cash mein launch kiya hai. Adani ke media wing ne yeh offer SEBI ke niyam-kanoon ke anusaar launch kiya hai","meri awaz hi meri pehchan hai adani NDIV Adani ki companies ne NDT/ mein २९. 1८% bada hissa 'indirectly kharida, launch kiya र४९२.8 crore ke cash open offer ke saath Adani media arm ne yeh offer SE३I ke rules","meri awaz hi meri pehchan hai adani NDTV Adani ki companies ne NDTV mein 29.18% Ibada hissa 'indirectly' kharida, Iaunch kiya {492.8 crore ke cash open offer ke saath Adani media arm ne yeh offer SEBI ke rules","meri awaz hi meri pehchan hai Adani ki companies ne NDTV mein 29.18% bada hissa 'indirectly' kharida, ₹492.8 crore ke cash open offer ke saath launch kiya Adani media arm ne yeh offer SEBI ke rules",yes,Source image/caption is visibly truncated; gold transcription follows only the visible claim-bearing text.
102,hmx-0281,"Ek study kehti hai sarcasm intelligence, high IQ aur maturity ka sign hai: Serious hone se better hai sarcastic hona.","allVa Study kehti hai ki sarcasm hona intelligence high IQ aur maturity ki nishani hai: Ye serious aur bevakoof hone se better hai Sarcasm sabse neeche level ka humour ho sakta hai, Iekin sabse uncha intelligence ka form bhi hai. &्लै","Ala Study kehti hai ki sarcasm hona intelligence, high IQ aur maturity ki nishani hai: Ye serious aur bevakoof hone se better hai 'Sarcasm sabse neeche level ka humour ho sakta hai, lekin sabse uncha intelligence ka form bhi hai: 1 8","Study kehti hai ki sarcasm hona intelligence, high IQ aur maturity ki nishani hai: Ye serious aur bevakoof hone se better hai ‘Sarcasm sabse neeche level ka humour ho sakta hai, lekin sabse uncha intelligence ka form bhi hai.’",yes,
103,hmx-0546,"Yeh photo jisme Pradhan Mantri Modi ji microscope se kuch dekh rahe hain, edit ki gayi hai. Is image ko social media par galat claim ke sath viral kiya gaya tha. BOOM Fact Check ne ise FAKE declare kiya hai","eo०n Ycutc 0 Twr r+ मग्गपमार दपग 0 7 Ten ohoto jisine Podhan Mlanai Modi ji micioscoo sa tuch JEln rohE min editd gayi hai Is Imnage Ka Social nEuia par galat ciaim PE sath Viral Kiya gaya tha. BOOH Fact ChELK nE I८ TiAL dzzlari= Klyla ""Di TIKE / 7 7 "" sण","8o04 ""och9 B Twcct 47yrr4o 7 Nen pnoto jismie Prodhan Mantzi Modi ji micloscope s Kuch ek rhe mlin; edit ki gayi hai. Is Irnage ka social n Edla par gelat claim Ke sath viral kiya gpya tha. BOOM Fact Check nE Ise FAKE declare kIYp nI Fak 7 1 7 1 nD","Yeh photo jisme Pradhan Mantri Modi ji microscope se kuch dekh rahe hain, edit ki gayi hai. Is image ko social media par galat claim ke sath viral kiya gaya tha. BOOM Fact Check ne ise FAKE declare kiya hai",yes,
104,hmx-0474,India jeetne k Khushi pe Ganesh Aarti hi laga diPakistan walo k samne bajai gayi Ganesh aarti India won by 6 wickets meenakshikanu: India jeetne ki khushi pe Ganesh Aarti,"3००# 8 cHE Ganesh Aarti hi laga di India jeetne k Khushi pe 790 exlmap | 300 0 KःEFLH FEla *71> "" MISLEADING "" Indiझ wonby bwicxctg 7 mitcnakahikanu India jeetiie Li Llwshui pe Ganesh Aarti २a",8o04 B che Ganesh Aartihi laga di Indiajeetne k Khushipe 7 ealotal ( enanaalant 0 GkgaA PANE Sn Falea 1 Misleading 1 Udib won by 6 wickets 74 mcenakshikanu India jeetre Ki Lhushi pe Ganesh Aarti 2d 3,India jeetne k Khushi pe Ganesh Aarti hi laga di India won by 6 wickets meenakshikanu India jeetne ki khushi pe Ganesh Aarti,yes,
105,hmx-0166,"Putin ne Israel ko warn kiya ki Iran mein jo hundreds Russian nuclear experts hain, woh wapas nahi jayenge.","२०. JUN. २५ Putin ne Israel ko warn kiya ki Iran mein jo hundreds Russian nuclear experts hain, woh wapas nahi jayenge. ० गा=् रा= INDIAINLSDAHN","20. JUN: 25 Putin ne Israel ko warn kiya ki Iran mein jo hundreds Russian nuclear experts hain, woh wapas nahi jayenge: 0 ZST 4WZI INDIAINLAST2AHRR","Putin ne Israel ko warn kiya ki Iran mein jo hundreds Russian nuclear experts hain, woh wapas nahi jayenge.",yes,
106,hmx-0457,“(Qur’an 98:6) …‘They are the worst of all beings.’”,"Muslims Hur phir kehte hain: rQuran 98!६ ) aDoडre डabडe bure Io9 hain. mLCUm | Muslims ठh humein kyun nahi pasand karte? "" Why do they hate us? ladult suim Com|","Muslims Aur phir kehte hain: ""Quran 98.6) doosre sabse bure log hain;' m com] Muslims ""Woh hhumein kyun Inahi pasand karte?'"" Why do they hate us? [adult swim com]",Muslims Aur phir kehte hain: “(Qur’an 98:6) doosre sabse bure log hain.” Muslims “Woh humein kyun nahi pasand karte?” Why do they hate us?,yes,
107,hmx-0512,Pakistan sirf Pakistanion ke liye ek kabristan ban gaya hai.,"HydEr Ablasi 000+ |8 Pakistan sirf Pakistanion ke liye mbicr Jl Zट७6 elटl६c kabristan ban gaya hai. Jab ek Pakistani ameer ban jaata [AKE ehai, uske bank account Switzerland mein hote hain. - ""oh Dubai se kharidta hai. China ka maal use karta hai. .. Pakistan is just a Cemetery for Pakistanis Fusslan |ESLeht I&|","Hyder Abbasi 800m B Pakistan sirf Pakistanion ke liye Yahj2278 Zkns kabristan ban gaya hai: Jab ek Pakistani ameer ban jaata [FAKE) hai, uske bank account Switzerland mein hote hain _. Woh Dubai se kharidta hai. China ka maal use karta hai .. Pakistan is 'just a Cemetery for Pakistanis ~Russian REsient T8T","Pakistan sirf Pakistanion ke liye ek kabristan ban gaya hai. Jab ek Pakistani ameer ban jaata hai, uske bank account Switzerland mein hote hain... Woh Dubai se kharidta hai. China ka maal use karta hai... Pakistan is just a Cemetery for Pakistanis - Russian President",yes,
108,hmx-0503,"Main us rajya se hoon jahan pariksha dene wale winter ki poori raat khule aasman ke neeche guzar dete hain, aur subah paper leak aur reschedule ka news milti hai… Yeh bahut hi bekaar hai. 😡 #UPTET","a00^ - Main us rajya se hoon jahan pariksha dene ""n8i=010""00* :-i42)|7| cHe wale winter ki poori raat khule aasman ke neeche guzar dete hain aur subah paper leak aur reschedule ka news milti hai.. ieh bahut hi bekaar hai @ #UPTET TSLEADIG",8oom 3 Main US rajya se hoon jahan pariksha dene CRbd 5 0ay3 XhEh che wale winter ki poori raat khule aasman ke neeche guzar dete hain; aur subah paper Ieak aur reschedule ka news milti hai Yeh bahut hi bekaar hai: @ #UPTET ~MSLEADing,"Main us rajya se hoon jahan pariksha dene wale winter ki poori raat khule aasman ke neeche guzar dete hain, aur subah paper leak aur reschedule ka news milti hai... Yeh bahut hi bekaar hai. #UPTET",yes,
109,hmx-0071,Ek 25-saal ki pehle state level tennis player ko uske father ne Gurugram mein goli maar di. Reportedly iska reason yeh tha ki usne ek Muslim ladke ke saath music video film kiya tha.,१२ INDIAINLASTZAHR UULI Ek २५ saal ki pehle state level tennis player ko uske father ne Gurugram mein goli maar di. Reportedly iska reason yeh tha ki usne ek Muslim ladke ke saath music video film kiya tha.,12 INDIAINLAST24HR JULY Ek 25-saal ki pehle state level tennis player ko uske father ne Gurugram mein goli maar di. Reportedly iska reason yeh tha ki usne ek Muslim ladke ke saath music video film kiya tha.,Ek 25-saal ki pehle state level tennis player ko uske father ne Gurugram mein goli maar di. Reportedly iska reason yeh tha ki usne ek Muslim ladke ke saath music video film kiya tha.,yes,
110,hmx-0116,Guru Nanak Dev ji ke 555th Prakash Utsav par poore India mein Gurpurab celebrate kiya gaya.,"श्ै "" Guru Nanak Dev ji ke 5५५th Prakash Utsav par poore India mein Gurpurab celebrate kiya alVa 00 *",8 1 Guru Nanak Dev ji ke 555th Prakash Utsav par poore India mein Gurpurab celebrate kiya alva W,Guru Nanak Dev ji ke 555th Prakash Utsav par poore India mein Gurpurab celebrate kiya,yes,Source image/caption is visibly truncated; gold transcription follows only the visible claim-bearing text.
111,hmx-0415,"Internet bhar raha hai kyunki Indians laakhon 'Good Morning!' texts bhej rahe hain Desh, jo haal hi mein online hua hai, smartphones se khushnuma greetings bhej kar pagal ho gaya hai, jiski vajah se Silicon Valley waale pareshan hain","WilndianD arallicmta ख h0- eप८ Good morning HTrolr 03] Internet bhar raha hai kyunki Indians laakhon 'GDDd Morning! texts bhej rahe hhain Desh. jo haal hi mein online hua hai, smartphones se pagal ho gaya hai fjiski vajah khushnuma greetings bhej kar 5< Sillicon Valley waale pareshan hain 70,""7 GOOD -paIE:=ad --RL-l IORNING","[/IndianDor Ncnc 4YAO Good morning HZwodr WST Internet bhar raha hai kyunki Indians laakhon 'Good Morning!' texts bhej rahe hain Desh, jo haal hi mein online hua hai, smartphones se pagal ho gaya hai, jiski vajah khushnuma greetings bhej kar se Silicon Valley waale pareshan hain Caici GOOD FpLCe<ETA4 +C AEAI MORNING","Good morning Internet bhar raha hai kyunki Indians laakhon 'Good Morning!' texts bhej rahe hain Desh, jo haal hi mein online hua hai, smartphones se khushnuma greetings bhej kar pagal ho gaya hai, jiski vajah se Silicon Valley waale pareshan hain NHI MERI STORAGE SPACE KHATAM HO RAHI HAI GOOD MORNING",yes,
112,hmx-0468,AIMIM chief Owaisi ne Lok Sabha MP ke roop mein shapath lete hue ‘…Jai Allu Arjun’ kaha.,Bl Onlowtcr AIMIM chief Owaisi ne Lok Sabha MP ke roop mein shapath lete hue ...Jai Allu Arjun' kaha.,BN Onlytorsa AIMIM chief Owaisi ne Lok Sabha MP ke roop mein shapath lete hue JJai Allu Arjun' kaha.,AIMIM chief Owaisi ne Lok Sabha MP ke roop mein shapath lete hue ‘...Jai Allu Arjun’ kaha.,yes,
113,hmx-0232,"Telegram ke CEO ko France mein arrest kiya gaya, aur India mein ban lagne ke chances hain: Indian government ne investigation shuru kiya. Investigation mein extortion, exam/movie leaks, financial fraud, child porn jaise cases shaamil hain.","alva Telegram ke CEO ko France mein arrest kiya gaya aur India mein ban lagne ke chances hain: Indian government ne investigation shuru kiya. Investigation mein extortion examlmovie leaks, financial fraud, child porn jaise cases shaamil hain. Telegram &","alia Telegram ke CEO ko France mein arrest kiya gaya, aur India mein ban lagne ke chances hain: Indian government ne investigation shuru kiya: Investigation mein extortion, exam/movie leaks, financial fraud, child porn jaise cases shaamil hain: Telegram 1 8","Telegram ke CEO ko France mein arrest kiya gaya, aur India mein ban lagne ke chances hain: Indian government ne investigation shuru kiya. Investigation mein extortion, exam/movie leaks, financial fraud, child porn jaise cases shaamil hain.",yes,
114,hmx-0475,"Badhai ho @ArvindKejriwal ji, Dilli ko liquor capital banane ke liye.","9|07/4"" ao lua Olo LaO UlEuld ILTUau luilluri 71147| 5^79030+3117777",abl WutIlt Catlku> MDIv*Iullutt Fe etctUf,CBI ne NDTV ke malik Prannoy Rai par chhapa maara aur kai raaz khole. NDTV ka full form Nawajud Din Trafficking Venture,no,Metadata/image mismatch; image content is unrelated to the associated reference claim.
115,hmx-0547,"Uttan beach (Bhayandar, Mumbai) par ek suitcase mein ek #Hindu mahila ki sir-kati laash mili.","eo% Gcnee 8 CALsa 7 The RIGIT Indian o1 2c:7 +@0 / BELNN-NDN - Uitall JTati IBllajatuar lilnad |-ai - sulttas- Wltiricr Tlintu mahalla Li Shrrou laashn molll "" Ust< Iaञir cal Jrl aath Jacs loratoou m alarai hmkal Pollcr lomatla ssoedelar document Tlalli mllo Mahiila KI DUL , Hus>071 |m1=|7 cadl h-ltnl =Jt Lskalslt alulIrulla +","Gool ""orchg B GAS 7 The RICHT Indian A 0 1 DRDILCNCS Uiteh Dcach (Bhayandar. Mumibai| Parer suiicass Micin ek #Hindu mahlla ki slt-kati ieash mIli . 1 Uske haath kul Dhl ""Rath Racetkora dooument Nan rmbanshilc i 883y aissoriielar ducument Hahlmlla Mahlla kI budy husson reln Kau hul I J0/ Uske zht nal milla . 2","BREAKING NEWS Uttan beach (Bhayandar, Mumbai) par ek suitcase mein ek #Hindu mahila ki sir-kati laash mili. Uske haath par ek tattoo ke alawa, Mumbai Police ko mahila ki body par koi bhi identification document nahi mila. Mahila ki body 3 hisson mein kati hui thi aur uska sir nahi mila.",yes,
116,hmx-0559,taxpayers ke liye khush khabri,"eoon Scicc 8 Anil Pandya ६d Tar pajrrs KE Lly- Ahushknabn साार + / *-< "" O-5L Tax pionr ७l=२",Go04 Grcu9 B Anil Pandya 6d Tax payFrs ke lly- khushkhabr FFALSE { 1 42 1 0-5L Tax Biivor tife,Taxpayers ke liye khushkhabri,yes,
117,hmx-0607,"""Shabaash mere Sanatani bachcho, Karnataka ke bachcho ko dekhkar ab lagta hai ki nai peedhi Sanatan dharm ki raksha ke liye zyada sachchet hai. Humse zyada sachchet hai, hamari bhoomika keval itni hi hai ki hum dharm raksha ke liye bachchon ko rokein nahi, balki prerit karein!""","80% +1तन फत२ caaranaia [ai C B STabaash mere Sanatan -achcno Kamataka re bachcho <० deshkar ab lagta ha Eanatan dhamn rla shia rel Ziaa sachche- nal d nal peedhi Humse Zyada secacret ha , hanlari bhoamika keval itri hi hai ki nllrri diari raksre re liye patht hnri kD ioktiri riahi IKEI Culki prcrit arcirl ""","Boom JTTz*h7 Garanolng Ra) B 'Snabaash mere Sanatani Dachcho; Kamataka ke bachcho k0 dexhkar ab lagta ha Sanatan dhamkI raksha ke Ilye zvada sachcher nal Jnal peedhi Humnse zyada secnchet ha , hamari bhoomika keval itni hi hai ki Hurrt dharn raksha * liye bachchon ko tokeiri nahi; FAKE| balki prcrit karcini""","""Shabaash mere Sanatani bachcho, Karnataka ke bachcho ko dekhkar ab lagta hai ki nai peedhi Sanatan dharm ki raksha ke liye zyada sachchet hai. Humse zyada sachchet hai, hamari bhoomika keval itni hi hai ki hum dharm raksha ke liye bachchon ko rokein nahi, balki prerit karein!""",yes,
118,hmx-0266,"Ek Youtüber ne Chennai airport par ek 'souvenir shop' khola taaki gold ki smuggling kar sake, aur sirf do mahine mein 23 crore kama liye. Total milaakar 267 kg se zyada sona, jiska value 7167 crore tha, us shop ke zariye smuggle kiya gaya.","EK Tou uber ne Chennai arport par ek ' डoणvenir shop ' khola taaki gold ki smuggling kar sake, aur sirf do mahine mein =३ crore kama liye. Total milaakar २६७ kg se zyada sona, jiska value र१६७ crore tha, us shop ke zariye smuggle kiya gaya alva","Ek You luber ne Chennai airport par ek ""souvenir shop' khola taaki gold ki smuggling kar sake, aur sirf do mahine mein {3 crore kama liye: Total milaakar 267 kg se zyada sona, jiska value {167 crore tha, US shop ke zariye smuggle kiya gaya_ ania","Ek YouTuber ne Chennai airport par ek ‘souvenir shop’ khola taaki gold ki smuggling kar sake, aur sirf do mahine mein ₹3 crore kama liye. Total milaakar 267 kg se zyada sona, jiska value ₹167 crore tha, us shop ke zariye smuggle kiya gaya.",yes,
119,hmx-0600,"Shiv Bhagwan ke taandav ki tarah, ek din ki baarish mein Chennai ne aise naacha jaise tair raha ho.",द००# #l-4{1157 3 3hso40143!| CYcHEC Shiv Bhagwan ke taandav ki tarah ek din ki baarish mein Chennai ne aise naacha jaise tair raha ho. IIKE Za-o lUI* IDY फ U२I Iwitec/ Odi anJiod,"3o04 3RSIaR 3 Imu3r 'GGhes Shiv Bhagwan ke taandav ki tarah, ek din ki baarish mein Chennai ne aise naacha jaise tair raha ho: FAKE] {cui-t8 ( 2uzi Iwilet Ioi +njod","Shiv Bhagwan ke taandav ki tarah, ek din ki baarish mein Chennai ne aise naacha jaise tair raha ho.",yes,
120,hmx-0610,Maharashtra ke Isaai school mein ek Muslim teacher ne zabran ladkiyon ko school mein namaaz padhwai thi. Phir Raj Thackeray ki MNS ke karyakarta ne usi Muslim ke paas se kesariya khaas pehnwaya. Jai Shri Ram,80%^ Nitin Singh 8 @nitin Einghon XcHEct Faharashtra ke Isaai school mein ex Muslim teacher ne zabran ladlkiyon ko school mein namaaz padhwai thi. Phir Raj Thackeray ki MNS ke karyakarta ne usi Miuslim ke paas se kesariya khaas pehnwaya. Jai Shri Ram [Itः B:१४ Pll - Apr 7 २०२२ Twilter fur Andraid,"Goom Nitin Singh B Snitin_F ngho1 YcHEcy Maharashtra ke Isaai school mein ek Muslim teacher ne zabran Iadkiyon ko school mein namaaz padhwai thi. Phir Raj Thackeray ki MNS ke karyakarta ne usi Muslim ke paas se kesariya khaas pchnwaya. Jai Shri Ram FAKE] 8214 PM . Apr 7, 2022 Twiller Tur Aridro d",Maharashtra ke Isaai school mein ek Muslim teacher ne zabran ladkiyon ko school mein namaaz padhwai thi. Phir Raj Thackeray ki MNS ke karyakarta ne usi Muslim ke paas se kesariya khaas pehnwaya. Jai Shri Ram,yes,
