query_id,ground_truth_label,ground_truth_evidence_doc_id,top1_evidence_doc_id,top1_retrieval_correct,claim_text,verdict,confidence,explanation,selected_rank,documents_evaluated,total_latency_ms,parse_success_all,evaluated
hmx-0000,SUPPORTED,evdoc-395425c84d623f3b,evdoc-395425c84d623f3b,True,The secret chamber of Jagannath Puri temple's khazana vault contains valuable items.,INSUFFICIENT_EVIDENCE,0.0,The evidence provided does not explicitly state that there is a secret chamber or that valuable items are contained within the Ratna Bhandar. It only mentions that ornaments and valuables were found in the outer chamber during the reopening.,,3,10046.3,True,"[{'rank': 1, 'doc_id': 'evdoc-395425c84d623f3b', 'verdict': 'INSUFFICIENT_EVIDENCE', 'confidence': 0.0, 'explanation': 'The evidence provided does not explicitly state that there is a secret chamber or that valuable items are contained within the Ratna Bhandar. It only mentions that ornaments and valuables were found in the outer chamber during the reopening.', 'parse_success': True, 'raw_model_output': 'VERDICT: INSUFFICIENT_EVIDENCE\nEXPLANATION: The evidence provided does not explicitly state that there is a secret chamber or that valuable items are contained within the Ratna Bhandar. It only mentions that ornaments and valuables were found in the outer chamber during the reopening.', 'latency_ms': 3687.7}, {'rank': 2, 'doc_id': 'evdoc-f21ae84a44e44446', 'verdict': 'INSUFFICIENT_EVIDENCE', 'confidence': 0.0, 'explanation': ""The provided evidence does not contain any information related to the secret chamber of Jagannath Puri temple's khazana vault or any claims about valuable items inside."", 'parse_success': True, 'raw_model_output': ""VERDICT: INSUFFICIENT_EVIDENCE\nEXPLANATION: The provided evidence does not contain any information related to the secret chamber of Jagannath Puri temple's khazana vault or any claims about valuable items inside."", 'latency_ms': 3115.5}, {'rank': 3, 'doc_id': 'evdoc-eaca12f4cb08cf59', 'verdict': 'INSUFFICIENT_EVIDENCE', 'confidence': 0.0, 'explanation': 'The provided evidence discusses an incident involving the destruction of a Muslim shrine in Bangladesh, but does not provide any information about the Jagannath Puri temple or its khazana vault.', 'parse_success': True, 'raw_model_output': 'VERDICT: INSUFFICIENT_EVIDENCE\nEXPLANATION: The provided evidence discusses an incident involving the destruction of a Muslim shrine in Bangladesh, but does not provide any information about the Jagannath Puri temple or its khazana vault.', 'latency_ms': 3243.1}]"
hmx-0029,SUPPORTED,evdoc-2a9a76bca22b8a8b,evdoc-2a9a76bca22b8a8b,True,Putin made a powerful statement after Pakistan's terror attack that gained viral popularity in India's support for Pakistan.,INSUFFICIENT_EVIDENCE,1.0,The evidence provided does not address Putin's statement or its relation to Pakistan's terror attack or India's support for Pakistan.,,3,8414.8,True,"[{'rank': 1, 'doc_id': 'evdoc-2a9a76bca22b8a8b', 'verdict': 'INSUFFICIENT_EVIDENCE', 'confidence': 0.0, 'explanation': ""The provided evidence does not contain any information about Putin making a statement after Pakistan's terror attack that gained viral popularity in India's support for Pakistan."", 'parse_success': True, 'raw_model_output': ""VERDICT: INSUFFICIENT_EVIDENCE\nEXPLANATION: The provided evidence does not contain any information about Putin making a statement after Pakistan's terror attack that gained viral popularity in India's support for Pakistan."", 'latency_ms': 2805.1}, {'rank': 2, 'doc_id': 'evdoc-afc412f587a09fd7', 'verdict': 'INSUFFICIENT_EVIDENCE', 'confidence': 1.0, 'explanation': ""The evidence provided does not address Putin's statement or its relation to Pakistan's terror attack or India's support for Pakistan."", 'parse_success': True, 'raw_model_output': ""VERDICT: INSUFFICIENT_EVIDENCE\nCONFIDENCE: 1.00\nEXPLANATION: The evidence provided does not address Putin's statement or its relation to Pakistan's terror attack or India's support for Pakistan."", 'latency_ms': 2931.7}, {'rank': 3, 'doc_id': 'evdoc-33434846a286e07b', 'verdict': 'INSUFFICIENT_EVIDENCE', 'confidence': 0.0, 'explanation': ""The provided evidence does not contain any information about Putin making a statement or the viral popularity of such a statement in India's support for Pakistan."", 'parse_success': True, 'raw_model_output': ""VERDICT: INSUFFICIENT_EVIDENCE\nEXPLANATION: The provided evidence does not contain any information about Putin making a statement or the viral popularity of such a statement in India's support for Pakistan."", 'latency_ms': 2678.0}]"
hmx-0030,SUPPORTED,evdoc-57d2ba86a7196a3d,evdoc-57d2ba86a7196a3d,True,Magnus Carlsen got confused during a chess game.,INSUFFICIENT_EVIDENCE,0.0,The provided evidence does not contain any information about Magnus Carlsen getting confused during a chess game.,,3,7190.2,True,"[{'rank': 1, 'doc_id': 'evdoc-57d2ba86a7196a3d', 'verdict': 'INSUFFICIENT_EVIDENCE', 'confidence': 0.0, 'explanation': 'The provided evidence does not contain any information about Magnus Carlsen getting confused during a chess game.', 'parse_success': True, 'raw_model_output': 'VERDICT: INSUFFICIENT_EVIDENCE\nEXPLANATION: The provided evidence does not contain any information about Magnus Carlsen getting confused during a chess game.', 'latency_ms': 2292.0}, {'rank': 2, 'doc_id': 'evdoc-b4b342387c53c1b8', 'verdict': 'INSUFFICIENT_EVIDENCE', 'confidence': 0.0, 'explanation': 'The provided evidence does not contain any information about Magnus Carlsen or any confusion during a chess game.', 'parse_success': True, 'raw_model_output': 'VERDICT: INSUFFICIENT_EVIDENCE\nEXPLANATION: The provided evidence does not contain any information about Magnus Carlsen or any confusion during a chess game.', 'latency_ms': 2339.8}, {'rank': 3, 'doc_id': 'evdoc-917265fc0df57aab', 'verdict': 'INSUFFICIENT_EVIDENCE', 'confidence': 0.0, 'explanation': 'The provided evidence does not contain any information related to Magnus Carlsen or any confusion he experienced during a chess game.', 'parse_success': True, 'raw_model_output': 'VERDICT: INSUFFICIENT_EVIDENCE\nEXPLANATION: The provided evidence does not contain any information related to Magnus Carlsen or any confusion he experienced during a chess game.', 'latency_ms': 2558.4}]"
hmx-0038,SUPPORTED,evdoc-e5d61cba37b6ebc8,evdoc-e5d61cba37b6ebc8,True,A person named Monalisa was offered a movie role by a director.,CONTRADICTED,1.0,"The evidence clearly states that Sanoj Mishra offered a movie role to Monalisa Bholsle, but she was later arrested in a sexual assault case, contradicting the claim that she was offered a movie role.",1.0,1,4081.3,True,"[{'rank': 1, 'doc_id': 'evdoc-e5d61cba37b6ebc8', 'verdict': 'CONTRADICTED', 'confidence': 1.0, 'explanation': 'The evidence clearly states that Sanoj Mishra offered a movie role to Monalisa Bholsle, but she was later arrested in a sexual assault case, contradicting the claim that she was offered a movie role.', 'parse_success': True, 'raw_model_output': 'VERDICT: CONTRADICTED\nCONFIDENCE: 1.00\nEXPLANATION: The evidence clearly states that Sanoj Mishra offered a movie role to Monalisa Bholsle, but she was later arrested in a sexual assault case, contradicting the claim that she was offered a movie role.', 'latency_ms': 4081.3}]"
hmx-0044,SUPPORTED,evdoc-0eb9aad265eb5db4,evdoc-0eb9aad265eb5db4,True,"President Arvind Kejriwal awarded Khel Ratna to Manu Bhaker, D Gukesh and two other athletes.",INSUFFICIENT_EVIDENCE,0.0,"The provided evidence does not explicitly state that President Arvind Kejriwal awarded Khel Ratna to Manu Bhaker, D Gukesh, and two other athletes; it only mentions that President Droupadi Murmu presented Khel Ratna to Manu Bhaker and D Gukesh.",,3,11602.1,True,"[{'rank': 1, 'doc_id': 'evdoc-0eb9aad265eb5db4', 'verdict': 'INSUFFICIENT_EVIDENCE', 'confidence': 0.0, 'explanation': 'The provided evidence does not explicitly state that President Arvind Kejriwal awarded Khel Ratna to Manu Bhaker, D Gukesh, and two other athletes; it only mentions that President Droupadi Murmu presented Khel Ratna to Manu Bhaker and D Gukesh.', 'parse_success': True, 'raw_model_output': 'VERDICT: INSUFFICIENT_EVIDENCE\nEXPLANATION: The provided evidence does not explicitly state that President Arvind Kejriwal awarded Khel Ratna to Manu Bhaker, D Gukesh, and two other athletes; it only mentions that President Droupadi Murmu presented Khel Ratna to Manu Bhaker and D Gukesh.', 'latency_ms': 4687.8}, {'rank': 2, 'doc_id': 'evdoc-c98c4372a4f6dcff', 'verdict': 'INSUFFICIENT_EVIDENCE', 'confidence': 0.0, 'explanation': 'The provided evidence does not contain any information about President Arvind Kejriwal awarding Khel Ratna to Manu Bhaker, D Gukesh, or any other athletes.', 'parse_success': True, 'raw_model_output': 'VERDICT: INSUFFICIENT_EVIDENCE\nEXPLANATION: The provided evidence does not contain any information about President Arvind Kejriwal awarding Khel Ratna to Manu Bhaker, D Gukesh, or any other athletes.', 'latency_ms': 3467.4}, {'rank': 3, 'doc_id': 'evdoc-57d2ba86a7196a3d', 'verdict': 'INSUFFICIENT_EVIDENCE', 'confidence': 0.0, 'explanation': 'The provided evidence does not contain any information related to President Arvind Kejriwal awarding Khel Ratna to Manu Bhaker, D Gukesh, or any other athletes.', 'parse_success': True, 'raw_model_output': 'VERDICT: INSUFFICIENT_EVIDENCE\nEXPLANATION: The provided evidence does not contain any information related to President Arvind Kejriwal awarding Khel Ratna to Manu Bhaker, D Gukesh, or any other athletes.', 'latency_ms': 3446.9}]"
hmx-0070,SUPPORTED,evdoc-277235079ba795bd,evdoc-2a9a76bca22b8a8b,False,India claimed to have killed over 50 terrorists in the Pahalgam attack.,INSUFFICIENT_EVIDENCE,0.0,The provided evidence does not contain any information about India claiming to have killed over 50 terrorists in the Pahalgam attack. It only mentions Putin's phone call and statements regarding the terror attack in Pahalgam.,,3,8869.7,True,"[{'rank': 1, 'doc_id': 'evdoc-2a9a76bca22b8a8b', 'verdict': 'INSUFFICIENT_EVIDENCE', 'confidence': 0.0, 'explanation': ""The provided evidence does not contain any information about India claiming to have killed over 50 terrorists in the Pahalgam attack. It only mentions Putin's phone call and statements regarding the terror attack in Pahalgam."", 'parse_success': True, 'raw_model_output': ""VERDICT: INSUFFICIENT_EVIDENCE\nEXPLANATION: The provided evidence does not contain any information about India claiming to have killed over 50 terrorists in the Pahalgam attack. It only mentions Putin's phone call and statements regarding the terror attack in Pahalgam."", 'latency_ms': 3729.5}, {'rank': 2, 'doc_id': 'evdoc-277235079ba795bd', 'verdict': 'INSUFFICIENT_EVIDENCE', 'confidence': 0.0, 'explanation': 'The provided evidence does not contain any information about India claiming to have killed over 50 terrorists in the Pahalgam attack.', 'parse_success': True, 'raw_model_output': 'VERDICT: INSUFFICIENT_EVIDENCE\nEXPLANATION: The provided evidence does not contain any information about India claiming to have killed over 50 terrorists in the Pahalgam attack.', 'latency_ms': 2691.6}, {'rank': 3, 'doc_id': 'evdoc-8649f37d2267ceae', 'verdict': 'INSUFFICIENT_EVIDENCE', 'confidence': 0.0, 'explanation': 'The provided evidence does not contain any information related to a terrorist attack in Pahalgam or any casualties.', 'parse_success': True, 'raw_model_output': 'VERDICT: INSUFFICIENT_EVIDENCE\nEXPLANATION: The provided evidence does not contain any information related to a terrorist attack in Pahalgam or any casualties.', 'latency_ms': 2448.6}]"
hmx-0111,SUPPORTED,evdoc-01068b45243bda7e,evdoc-4c41559797d698f9,False,A police officer was appointed to care for a 9-year-old boy with a brain tumor.,CONTRADICTED,1.0,"The evidence clearly states that a circumcision surgery was performed on the boy's genitals instead of treating his injured leg, contradicting the claim of a police officer caring for a 9-year-old boy with a brain tumor.",1.0,1,3975.8,True,"[{'rank': 1, 'doc_id': 'evdoc-4c41559797d698f9', 'verdict': 'CONTRADICTED', 'confidence': 1.0, 'explanation': ""The evidence clearly states that a circumcision surgery was performed on the boy's genitals instead of treating his injured leg, contradicting the claim of a police officer caring for a 9-year-old boy with a brain tumor."", 'parse_success': True, 'raw_model_output': ""VERDICT: CONTRADICTED\nCONFIDENCE: 1.00\nEXPLANATION: The evidence clearly states that a circumcision surgery was performed on the boy's genitals instead of treating his injured leg, contradicting the claim of a police officer caring for a 9-year-old boy with a brain tumor."", 'latency_ms': 3975.8}]"
hmx-0127,SUPPORTED,evdoc-959b294406073c3e,evdoc-3f6dfaf81b0ecb01,False,Someone's appearance was noticed after 24 hours.,INSUFFICIENT_EVIDENCE,0.0,The provided evidence does not contain any information about someone's appearance being noticed after 24 hours.,,3,8421.3,True,"[{'rank': 1, 'doc_id': 'evdoc-3f6dfaf81b0ecb01', 'verdict': 'INSUFFICIENT_EVIDENCE', 'confidence': 0.0, 'explanation': ""The provided evidence does not contain any information about someone's appearance being noticed after 24 hours."", 'parse_success': True, 'raw_model_output': ""VERDICT: INSUFFICIENT_EVIDENCE\nEXPLANATION: The provided evidence does not contain any information about someone's appearance being noticed after 24 hours."", 'latency_ms': 2375.0}, {'rank': 2, 'doc_id': 'evdoc-19b3ab814b34d143', 'verdict': 'INSUFFICIENT_EVIDENCE', 'confidence': 0.0, 'explanation': ""The evidence does not provide information about someone's appearance being noticed after 24 hours; it discusses a video related to an MLA heckling locals in Bihar."", 'parse_success': True, 'raw_model_output': ""VERDICT: INSUFFICIENT_EVIDENCE\nEXPLANATION: The evidence does not provide information about someone's appearance being noticed after 24 hours; it discusses a video related to an MLA heckling locals in Bihar."", 'latency_ms': 3108.3}, {'rank': 3, 'doc_id': 'evdoc-a7d64e6718d99b2d', 'verdict': 'INSUFFICIENT_EVIDENCE', 'confidence': 0.0, 'explanation': 'The provided evidence describes a scenario where a thief fell asleep in an air-conditioned room but does not explicitly state how long after entering the house this occurred.', 'parse_success': True, 'raw_model_output': 'VERDICT: INSUFFICIENT_EVIDENCE\nEXPLANATION: The provided evidence describes a scenario where a thief fell asleep in an air-conditioned room but does not explicitly state how long after entering the house this occurred.', 'latency_ms': 2938.0}]"
hmx-0145,SUPPORTED,evdoc-c28e571222ec4013,evdoc-86f41a64df83c991,False,A female YouTube star murdered her ex-boyfriend's father and disposed of his body in a gutter.,CONTRADICTED,1.0,"The evidence clearly shows that the video in question does not involve a murder or any abuse of Karan Johar's father, but rather a negative review of the movie 'Baar Baar Dekho' in 2016.",1.0,1,4385.9,True,"[{'rank': 1, 'doc_id': 'evdoc-86f41a64df83c991', 'verdict': 'CONTRADICTED', 'confidence': 1.0, 'explanation': ""The evidence clearly shows that the video in question does not involve a murder or any abuse of Karan Johar's father, but rather a negative review of the movie 'Baar Baar Dekho' in 2016."", 'parse_success': True, 'raw_model_output': ""VERDICT: CONTRADICTED\nCONFIDENCE: 1.00\nEXPLANATION: The evidence clearly shows that the video in question does not involve a murder or any abuse of Karan Johar's father, but rather a negative review of the movie 'Baar Baar Dekho' in 2016."", 'latency_ms': 4385.9}]"
hmx-0168,SUPPORTED,evdoc-105962d8787494d4,evdoc-105962d8787494d4,True,A fitness influencer drove a car at over 140 km/h to impress a girl.,CONTRADICTED,1.0,"The evidence clearly states that the fitness influencer Rajat Dalal hit a biker with an SUV at 143 km/h, contradicting the claim of driving at over 140 km/h to impress a girl.",1.0,1,4305.0,True,"[{'rank': 1, 'doc_id': 'evdoc-105962d8787494d4', 'verdict': 'CONTRADICTED', 'confidence': 1.0, 'explanation': 'The evidence clearly states that the fitness influencer Rajat Dalal hit a biker with an SUV at 143 km/h, contradicting the claim of driving at over 140 km/h to impress a girl.', 'parse_success': True, 'raw_model_output': 'VERDICT: CONTRADICTED\nCONFIDENCE: 1.00\nEXPLANATION: The evidence clearly states that the fitness influencer Rajat Dalal hit a biker with an SUV at 143 km/h, contradicting the claim of driving at over 140 km/h to impress a girl.', 'latency_ms': 4305.0}]"
hmx-0183,SUPPORTED,evdoc-c0f0e5a913183354,evdoc-c0f0e5a913183354,True,A concert tour by Coldplay has been canceled.,INSUFFICIENT_EVIDENCE,0.0,The provided evidence discusses a summons related to black-marketing of Coldplay concert tickets but does not confirm or deny the cancellation of the tour.,,3,7281.2,True,"[{'rank': 1, 'doc_id': 'evdoc-c0f0e5a913183354', 'verdict': 'INSUFFICIENT_EVIDENCE', 'confidence': 0.0, 'explanation': 'The provided evidence discusses a summons related to black-marketing of Coldplay concert tickets but does not confirm or deny the cancellation of the tour.', 'parse_success': True, 'raw_model_output': 'VERDICT: INSUFFICIENT_EVIDENCE\nEXPLANATION: The provided evidence discusses a summons related to black-marketing of Coldplay concert tickets but does not confirm or deny the cancellation of the tour.', 'latency_ms': 2757.3}, {'rank': 2, 'doc_id': 'evdoc-4cf9d8660be05a19', 'verdict': 'INSUFFICIENT_EVIDENCE', 'confidence': 0.0, 'explanation': 'The provided evidence does not contain any information related to the cancellation of a Coldplay concert tour.', 'parse_success': True, 'raw_model_output': 'VERDICT: INSUFFICIENT_EVIDENCE\nEXPLANATION: The provided evidence does not contain any information related to the cancellation of a Coldplay concert tour.', 'latency_ms': 2162.0}, {'rank': 3, 'doc_id': 'evdoc-8b82186e4a0abc60', 'verdict': 'INSUFFICIENT_EVIDENCE', 'confidence': 0.0, 'explanation': 'The provided evidence does not contain any information related to the cancellation of a Coldplay concert tour.', 'parse_success': True, 'raw_model_output': 'VERDICT: INSUFFICIENT_EVIDENCE\nEXPLANATION: The provided evidence does not contain any information related to the cancellation of a Coldplay concert tour.', 'latency_ms': 2361.9}]"
hmx-0204,SUPPORTED,evdoc-96103df3efa9ef98,evdoc-96103df3efa9ef98,True,Flipkart notified a customer about an out-of-stock item 6 years after the purchase.,INSUFFICIENT_EVIDENCE,0.0,"The provided evidence discusses a different customer's experience with a long-standing order, but does not confirm or deny the specific claim about Flipkart notifying a customer about an out-of-stock item 6 years after the purchase.",,3,10446.3,True,"[{'rank': 1, 'doc_id': 'evdoc-96103df3efa9ef98', 'verdict': 'INSUFFICIENT_EVIDENCE', 'confidence': 0.0, 'explanation': ""The provided evidence discusses a different customer's experience with a long-standing order, but does not confirm or deny the specific claim about Flipkart notifying a customer about an out-of-stock item 6 years after the purchase."", 'parse_success': True, 'raw_model_output': ""VERDICT: INSUFFICIENT_EVIDENCE\nEXPLANATION: The provided evidence discusses a different customer's experience with a long-standing order, but does not confirm or deny the specific claim about Flipkart notifying a customer about an out-of-stock item 6 years after the purchase."", 'latency_ms': 3593.1}, {'rank': 2, 'doc_id': 'evdoc-11e2a51a8865bea1', 'verdict': 'INSUFFICIENT_EVIDENCE', 'confidence': 0.0, 'explanation': 'The provided evidence does not contain any information related to Flipkart or out-of-stock items, thus it cannot be used to verify the claim about Flipkart notifying a customer about an out-of-stock item 6 years after the purchase.', 'parse_success': True, 'raw_model_output': 'VERDICT: INSUFFICIENT_EVIDENCE\nEXPLANATION: The provided evidence does not contain any information related to Flipkart or out-of-stock items, thus it cannot be used to verify the claim about Flipkart notifying a customer about an out-of-stock item 6 years after the purchase.', 'latency_ms': 3793.5}, {'rank': 3, 'doc_id': 'evdoc-0bca12f2892cb6c0', 'verdict': 'INSUFFICIENT_EVIDENCE', 'confidence': 0.0, 'explanation': 'The provided evidence does not contain any information related to Flipkart, customer notifications, or out-of-stock items, thus it cannot be used to verify the claim.', 'parse_success': True, 'raw_model_output': 'VERDICT: INSUFFICIENT_EVIDENCE\nEXPLANATION: The provided evidence does not contain any information related to Flipkart, customer notifications, or out-of-stock items, thus it cannot be used to verify the claim.', 'latency_ms': 3059.7}]"
hmx-0208,SUPPORTED,evdoc-ac0f7a0af1098cde,evdoc-ac0f7a0af1098cde,True,"Aaropi, a victim of gang rape, was granted bail after which Vijay Julius was killed.",INSUFFICIENT_EVIDENCE,0.0,The provided evidence does not contain any information about Vijay Julius being killed after Aaropi's bail grant.,,3,8357.7,True,"[{'rank': 1, 'doc_id': 'evdoc-ac0f7a0af1098cde', 'verdict': 'INSUFFICIENT_EVIDENCE', 'confidence': 0.0, 'explanation': ""The provided evidence does not contain any information about Vijay Julius being killed after Aaropi's bail grant."", 'parse_success': True, 'raw_model_output': ""VERDICT: INSUFFICIENT_EVIDENCE\nEXPLANATION: The provided evidence does not contain any information about Vijay Julius being killed after Aaropi's bail grant."", 'latency_ms': 2445.6}, {'rank': 2, 'doc_id': 'evdoc-b7ce44e39f2661dc', 'verdict': 'INSUFFICIENT_EVIDENCE', 'confidence': 0.0, 'explanation': 'The evidence does not provide information about Aaropi or Vijay Julius, nor does it confirm or deny the specific events claimed in the claim.', 'parse_success': True, 'raw_model_output': 'VERDICT: INSUFFICIENT_EVIDENCE\nEXPLANATION: The evidence does not provide information about Aaropi or Vijay Julius, nor does it confirm or deny the specific events claimed in the claim.', 'latency_ms': 2998.5}, {'rank': 3, 'doc_id': 'evdoc-bbaf2e0fc84aa38f', 'verdict': 'INSUFFICIENT_EVIDENCE', 'confidence': 0.0, 'explanation': 'The provided evidence does not contain any information about Aaropi or Vijay Julius, nor does it provide details about a bail grant or a subsequent killing.', 'parse_success': True, 'raw_model_output': 'VERDICT: INSUFFICIENT_EVIDENCE\nEXPLANATION: The provided evidence does not contain any information about Aaropi or Vijay Julius, nor does it provide details about a bail grant or a subsequent killing.', 'latency_ms': 2913.6}]"
hmx-0211,SUPPORTED,evdoc-8d3afb8dcdded821,evdoc-8d3afb8dcdded821,True,RTC bus travel is free within the home district of Auraton in Andhra Pradesh starting from August 15.,INSUFFICIENT_EVIDENCE,0.0,"The evidence does not provide information about the free bus travel scheme being implemented within the home district of Auraton specifically, only mentioning a free bus travel scheme for women in Andhra Pradesh starting from August 15, 2025.",,3,9428.9,True,"[{'rank': 1, 'doc_id': 'evdoc-8d3afb8dcdded821', 'verdict': 'INSUFFICIENT_EVIDENCE', 'confidence': 0.0, 'explanation': 'The evidence does not provide information about the free bus travel scheme being implemented within the home district of Auraton specifically, only mentioning a free bus travel scheme for women in Andhra Pradesh starting from August 15, 2025.', 'parse_success': True, 'raw_model_output': 'VERDICT: INSUFFICIENT_EVIDENCE\nEXPLANATION: The evidence does not provide information about the free bus travel scheme being implemented within the home district of Auraton specifically, only mentioning a free bus travel scheme for women in Andhra Pradesh starting from August 15, 2025.', 'latency_ms': 3928.1}, {'rank': 2, 'doc_id': 'evdoc-3195fb784a7e71c6', 'verdict': 'INSUFFICIENT_EVIDENCE', 'confidence': 0.0, 'explanation': 'The provided evidence does not contain any information related to RTC bus travel in Auraton, Andhra Pradesh or any details about traffic conditions or bus fares.', 'parse_success': True, 'raw_model_output': 'VERDICT: INSUFFICIENT_EVIDENCE\nEXPLANATION: The provided evidence does not contain any information related to RTC bus travel in Auraton, Andhra Pradesh or any details about traffic conditions or bus fares.', 'latency_ms': 2909.0}, {'rank': 3, 'doc_id': 'evdoc-6427eb49e4033649', 'verdict': 'INSUFFICIENT_EVIDENCE', 'confidence': 0.0, 'explanation': 'The provided evidence does not contain any information related to RTC bus travel or any restrictions in Auraton, Andhra Pradesh.', 'parse_success': True, 'raw_model_output': 'VERDICT: INSUFFICIENT_EVIDENCE\nEXPLANATION: The provided evidence does not contain any information related to RTC bus travel or any restrictions in Auraton, Andhra Pradesh.', 'latency_ms': 2591.8}]"
hmx-0227,SUPPORTED,evdoc-1f0d8a0558b542f3,evdoc-1f0d8a0558b542f3,True,Akash Ambani considers work quality more important than quantity for his relationship.,INSUFFICIENT_EVIDENCE,0.0,The provided evidence discusses Akash Ambani's views on work-life balance but does not specifically address whether he considers work quality more important than quantity for his relationship.,,3,9761.6,True,"[{'rank': 1, 'doc_id': 'evdoc-1f0d8a0558b542f3', 'verdict': 'INSUFFICIENT_EVIDENCE', 'confidence': 0.0, 'explanation': ""The provided evidence discusses Akash Ambani's views on work-life balance but does not specifically address whether he considers work quality more important than quantity for his relationship."", 'parse_success': True, 'raw_model_output': ""VERDICT: INSUFFICIENT_EVIDENCE\nEXPLANATION: The provided evidence discusses Akash Ambani's views on work-life balance but does not specifically address whether he considers work quality more important than quantity for his relationship."", 'latency_ms': 3014.6}, {'rank': 2, 'doc_id': 'evdoc-7857a5a9518e948c', 'verdict': 'INSUFFICIENT_EVIDENCE', 'confidence': 0.0, 'explanation': ""The provided evidence discusses Sanjeev Sanyal's views on aspirations and the need for more billionaires in India, but does not provide any information about Akash Ambani's priorities regarding work quality versus quantity."", 'parse_success': True, 'raw_model_output': ""VERDICT: INSUFFICIENT_EVIDENCE\nEXPLANATION: The provided evidence discusses Sanjeev Sanyal's views on aspirations and the need for more billionaires in India, but does not provide any information about Akash Ambani's priorities regarding work quality versus quantity."", 'latency_ms': 3534.5}, {'rank': 3, 'doc_id': 'evdoc-a468efa1a99e655e', 'verdict': 'INSUFFICIENT_EVIDENCE', 'confidence': 0.0, 'explanation': ""The provided evidence discusses Nita Ambani's role in organizing a wedding and does not provide any information about Akash Ambani's views on work quality versus quantity in his relationships."", 'parse_success': True, 'raw_model_output': ""VERDICT: INSUFFICIENT_EVIDENCE\nEXPLANATION: The provided evidence discusses Nita Ambani's role in organizing a wedding and does not provide any information about Akash Ambani's views on work quality versus quantity in his relationships."", 'latency_ms': 3212.5}]"
hmx-0240,SUPPORTED,evdoc-6ab8884d11f518a1,evdoc-6ab8884d11f518a1,True,Arvind Kejriwal objected to the Supreme Court granting bail in an Excise policy case following an ED raid.,INSUFFICIENT_EVIDENCE,0.0,The provided evidence does not directly address Arvind Kejriwal's objection to the Supreme Court granting bail in an Excise policy case following an ED raid. It only mentions his bail hearing and related legal actions.,,3,10115.0,True,"[{'rank': 1, 'doc_id': 'evdoc-6ab8884d11f518a1', 'verdict': 'INSUFFICIENT_EVIDENCE', 'confidence': 0.0, 'explanation': ""The provided evidence does not directly address Arvind Kejriwal's objection to the Supreme Court granting bail in an Excise policy case following an ED raid. It only mentions his bail hearing and related legal actions."", 'parse_success': True, 'raw_model_output': ""VERDICT: INSUFFICIENT_EVIDENCE\nEXPLANATION: The provided evidence does not directly address Arvind Kejriwal's objection to the Supreme Court granting bail in an Excise policy case following an ED raid. It only mentions his bail hearing and related legal actions."", 'latency_ms': 3554.7}, {'rank': 2, 'doc_id': 'evdoc-ff7489fbc9004e56', 'verdict': 'INSUFFICIENT_EVIDENCE', 'confidence': 0.0, 'explanation': 'The provided evidence does not contain any information related to Arvind Kejriwal, bail in an Excise policy case, or an ED raid, which are key elements of the claim.', 'parse_success': True, 'raw_model_output': 'VERDICT: INSUFFICIENT_EVIDENCE\nEXPLANATION: The provided evidence does not contain any information related to Arvind Kejriwal, bail in an Excise policy case, or an ED raid, which are key elements of the claim.', 'latency_ms': 3367.4}, {'rank': 3, 'doc_id': 'evdoc-92956ff0ce0de79d', 'verdict': 'INSUFFICIENT_EVIDENCE', 'confidence': 0.0, 'explanation': 'The provided evidence does not contain any information related to Arvind Kejriwal objecting to the Supreme Court granting bail in an Excise policy case following an ED raid.', 'parse_success': True, 'raw_model_output': 'VERDICT: INSUFFICIENT_EVIDENCE\nEXPLANATION: The provided evidence does not contain any information related to Arvind Kejriwal objecting to the Supreme Court granting bail in an Excise policy case following an ED raid.', 'latency_ms': 3192.9}]"
hmx-0245,SUPPORTED,evdoc-5426dd8366c70534,evdoc-5426dd8366c70534,True,A mother sent an email to her son's employer after her son died due to workplace stress.,INSUFFICIENT_EVIDENCE,0.0,The evidence does not provide information about a mother sending an email to her son's employer after her son's death due to workplace stress; it describes a mother's reaction to her daughter's death at EY.,,3,9898.5,True,"[{'rank': 1, 'doc_id': 'evdoc-5426dd8366c70534', 'verdict': 'INSUFFICIENT_EVIDENCE', 'confidence': 0.0, 'explanation': ""The evidence does not provide information about a mother sending an email to her son's employer after her son's death due to workplace stress; it describes a mother's reaction to her daughter's death at EY."", 'parse_success': True, 'raw_model_output': ""VERDICT: INSUFFICIENT_EVIDENCE\nEXPLANATION: The evidence does not provide information about a mother sending an email to her son's employer after her son's death due to workplace stress; it describes a mother's reaction to her daughter's death at EY."", 'latency_ms': 3553.3}, {'rank': 2, 'doc_id': 'evdoc-1f0d8a0558b542f3', 'verdict': 'INSUFFICIENT_EVIDENCE', 'confidence': 0.0, 'explanation': ""The provided evidence discusses Akash Ambani's views on work-life balance but does not provide any information about a mother sending an email to her son's employer after her son's death due to workplace stress."", 'parse_success': True, 'raw_model_output': ""VERDICT: INSUFFICIENT_EVIDENCE\nEXPLANATION: The provided evidence discusses Akash Ambani's views on work-life balance but does not provide any information about a mother sending an email to her son's employer after her son's death due to workplace stress."", 'latency_ms': 3509.5}, {'rank': 3, 'doc_id': 'evdoc-d5e18a8c4263d484', 'verdict': 'INSUFFICIENT_EVIDENCE', 'confidence': 0.0, 'explanation': ""The provided evidence does not contain any information related to a mother sending an email to her son's employer after her son died due to workplace stress."", 'parse_success': True, 'raw_model_output': ""VERDICT: INSUFFICIENT_EVIDENCE\nEXPLANATION: The provided evidence does not contain any information related to a mother sending an email to her son's employer after her son died due to workplace stress."", 'latency_ms': 2835.7}]"
hmx-0251,SUPPORTED,evdoc-111ce2c5ccccf7fe,evdoc-111ce2c5ccccf7fe,True,Azadi movement in Balochistan gained international support.,INSUFFICIENT_EVIDENCE,0.0,The provided evidence discusses Mir Yar Baloch's declaration of independence from Pakistan but does not explicitly mention international support for the Azadi movement in Balochistan.,,3,9038.6,True,"[{'rank': 1, 'doc_id': 'evdoc-111ce2c5ccccf7fe', 'verdict': 'INSUFFICIENT_EVIDENCE', 'confidence': 0.0, 'explanation': ""The provided evidence discusses Mir Yar Baloch's declaration of independence from Pakistan but does not explicitly mention international support for the Azadi movement in Balochistan."", 'parse_success': True, 'raw_model_output': ""VERDICT: INSUFFICIENT_EVIDENCE\nEXPLANATION: The provided evidence discusses Mir Yar Baloch's declaration of independence from Pakistan but does not explicitly mention international support for the Azadi movement in Balochistan."", 'latency_ms': 2977.0}, {'rank': 2, 'doc_id': 'evdoc-6427eb49e4033649', 'verdict': 'INSUFFICIENT_EVIDENCE', 'confidence': 0.0, 'explanation': 'The provided evidence discusses protests related to the Muharram procession in Kumbhalgarh Fort in Rajasthan but does not provide any information about the Azadi movement in Balochistan or its international support.', 'parse_success': True, 'raw_model_output': 'VERDICT: INSUFFICIENT_EVIDENCE\nEXPLANATION: The provided evidence discusses protests related to the Muharram procession in Kumbhalgarh Fort in Rajasthan but does not provide any information about the Azadi movement in Balochistan or its international support.', 'latency_ms': 3530.7}, {'rank': 3, 'doc_id': 'evdoc-9f2e9e57630e37b3', 'verdict': 'INSUFFICIENT_EVIDENCE', 'confidence': 0.0, 'explanation': 'The provided evidence does not contain any information related to the Azadi movement in Balochistan or its international support.', 'parse_success': True, 'raw_model_output': 'VERDICT: INSUFFICIENT_EVIDENCE\nEXPLANATION: The provided evidence does not contain any information related to the Azadi movement in Balochistan or its international support.', 'latency_ms': 2530.9}]"
hmx-0253,SUPPORTED,evdoc-a8cb9c9ea159cd02,evdoc-a8cb9c9ea159cd02,True,Fans of Mumbai's Marine Drive experienced a change in weather.,INSUFFICIENT_EVIDENCE,0.0,The provided evidence does not contain information about a change in weather during the T20 World Cup victory parade on Marine Drive.,,3,8872.3,True,"[{'rank': 1, 'doc_id': 'evdoc-a8cb9c9ea159cd02', 'verdict': 'INSUFFICIENT_EVIDENCE', 'confidence': 0.0, 'explanation': 'The provided evidence does not contain information about a change in weather during the T20 World Cup victory parade on Marine Drive.', 'parse_success': True, 'raw_model_output': 'VERDICT: INSUFFICIENT_EVIDENCE\nEXPLANATION: The provided evidence does not contain information about a change in weather during the T20 World Cup victory parade on Marine Drive.', 'latency_ms': 2637.5}, {'rank': 2, 'doc_id': 'evdoc-cd4e36ca1bcddc3d', 'verdict': 'INSUFFICIENT_EVIDENCE', 'confidence': 0.0, 'explanation': ""The evidence provided does not contain any information about Mumbai's Marine Drive or changes in weather experienced by fans there."", 'parse_success': True, 'raw_model_output': ""VERDICT: INSUFFICIENT_EVIDENCE\nEXPLANATION: The evidence provided does not contain any information about Mumbai's Marine Drive or changes in weather experienced by fans there."", 'latency_ms': 2485.1}, {'rank': 3, 'doc_id': 'evdoc-42956264af56abac', 'verdict': 'INSUFFICIENT_EVIDENCE', 'confidence': 0.0, 'explanation': ""The evidence does not provide any information about the weather conditions on Mumbai's Marine Drive or any video related to the event."", 'parse_success': True, 'raw_model_output': ""VERDICT: INSUFFICIENT_EVIDENCE\nEXPLANATION: The evidence does not provide any information about the weather conditions on Mumbai's Marine Drive or any video related to the event."", 'latency_ms': 3749.7}]"
hmx-0284,SUPPORTED,evdoc-de18fec46bea709c,evdoc-de18fec46bea709c,True,Only two genders are considered acceptable by Trump during a national emergency declaration.,INSUFFICIENT_EVIDENCE,0.0,The provided text does not explicitly state or imply that only two genders are considered acceptable by Trump during a national emergency declaration. It discusses Trump's stance on various issues but does not provide specific information about gender categorization in emergencies.,,3,8556.8,True,"[{'rank': 1, 'doc_id': 'evdoc-de18fec46bea709c', 'verdict': 'INSUFFICIENT_EVIDENCE', 'confidence': 0.0, 'explanation': ""The provided text does not explicitly state or imply that only two genders are considered acceptable by Trump during a national emergency declaration. It discusses Trump's stance on various issues but does not provide specific information about gender categorization in emergencies."", 'parse_success': True, 'raw_model_output': ""VERDICT: INSUFFICIENT_EVIDENCE\nEXPLANATION: The provided text does not explicitly state or imply that only two genders are considered acceptable by Trump during a national emergency declaration. It discusses Trump's stance on various issues but does not provide specific information about gender categorization in emergencies."", 'latency_ms': 3662.6}, {'rank': 2, 'doc_id': 'evdoc-9e81030db4ad2b9d', 'verdict': 'INSUFFICIENT_EVIDENCE', 'confidence': 0.0, 'explanation': ""The provided evidence does not contain any information related to Donald Trump's stance on gender during national emergency declarations."", 'parse_success': True, 'raw_model_output': ""VERDICT: INSUFFICIENT_EVIDENCE\nEXPLANATION: The provided evidence does not contain any information related to Donald Trump's stance on gender during national emergency declarations."", 'latency_ms': 2389.8}, {'rank': 3, 'doc_id': 'evdoc-c53bad7497e6b1c0', 'verdict': 'INSUFFICIENT_EVIDENCE', 'confidence': 0.0, 'explanation': ""The evidence provided does not address or contradict the claim about Trump's stance on gender during a national emergency declaration."", 'parse_success': True, 'raw_model_output': ""VERDICT: INSUFFICIENT_EVIDENCE\nEXPLANATION: The evidence provided does not address or contradict the claim about Trump's stance on gender during a national emergency declaration."", 'latency_ms': 2504.4}]"
hmx-0292,SUPPORTED,evdoc-9608ca85a1163553,evdoc-0aa4768a5c39440a,False,A live performance led to a heart attack of a 45-year-old actor who had been working in the film industry.,CONTRADICTED,1.0,"The evidence clearly shows that the video in question does not contain any mention of a 45-year-old actor having a heart attack during a live performance, but rather shows old people criticizing the movie 'Baar Baar Dekho'.",3.0,3,10610.6,True,"[{'rank': 1, 'doc_id': 'evdoc-0aa4768a5c39440a', 'verdict': 'INSUFFICIENT_EVIDENCE', 'confidence': 0.0, 'explanation': 'The provided evidence does not contain any information about an actor having a heart attack during a live performance.', 'parse_success': True, 'raw_model_output': 'VERDICT: INSUFFICIENT_EVIDENCE\nEXPLANATION: The provided evidence does not contain any information about an actor having a heart attack during a live performance.', 'latency_ms': 3598.3}, {'rank': 2, 'doc_id': 'evdoc-d5dd5f0d12012745', 'verdict': 'INSUFFICIENT_EVIDENCE', 'confidence': 0.0, 'explanation': 'The provided evidence does not contain any information about a heart attack or a 45-year-old actor in the film industry.', 'parse_success': True, 'raw_model_output': 'VERDICT: INSUFFICIENT_EVIDENCE\nEXPLANATION: The provided evidence does not contain any information about a heart attack or a 45-year-old actor in the film industry.', 'latency_ms': 2685.6}, {'rank': 3, 'doc_id': 'evdoc-86f41a64df83c991', 'verdict': 'CONTRADICTED', 'confidence': 1.0, 'explanation': ""The evidence clearly shows that the video in question does not contain any mention of a 45-year-old actor having a heart attack during a live performance, but rather shows old people criticizing the movie 'Baar Baar Dekho'."", 'parse_success': True, 'raw_model_output': ""VERDICT: CONTRADICTED\nCONFIDENCE: 1.00\nEXPLANATION: The evidence clearly shows that the video in question does not contain any mention of a 45-year-old actor having a heart attack during a live performance, but rather shows old people criticizing the movie 'Baar Baar Dekho'."", 'latency_ms': 4326.7}]"
hmx-0297,SUPPORTED,evdoc-3361f6d918b694b4,evdoc-3361f6d918b694b4,True,A driver's account being blocked can lead to financial difficulties.,INSUFFICIENT_EVIDENCE,0.0,"The evidence provided does not contain information about financial difficulties resulting from a blocked account, only details about a delivery partner's emotional distress due to an account block.",,3,9164.0,True,"[{'rank': 1, 'doc_id': 'evdoc-3361f6d918b694b4', 'verdict': 'INSUFFICIENT_EVIDENCE', 'confidence': 0.0, 'explanation': ""The evidence provided does not contain information about financial difficulties resulting from a blocked account, only details about a delivery partner's emotional distress due to an account block."", 'parse_success': True, 'raw_model_output': ""VERDICT: INSUFFICIENT_EVIDENCE\nEXPLANATION: The evidence provided does not contain information about financial difficulties resulting from a blocked account, only details about a delivery partner's emotional distress due to an account block."", 'latency_ms': 2951.2}, {'rank': 2, 'doc_id': 'evdoc-9fa6d881a730f9a3', 'verdict': 'INSUFFICIENT_EVIDENCE', 'confidence': 0.0, 'explanation': ""The provided evidence discusses overspending and benefits of UPI payments but does not directly address or support the claim about driver's accounts being blocked leading to financial difficulties."", 'parse_success': True, 'raw_model_output': ""VERDICT: INSUFFICIENT_EVIDENCE\nEXPLANATION: The provided evidence discusses overspending and benefits of UPI payments but does not directly address or support the claim about driver's accounts being blocked leading to financial difficulties."", 'latency_ms': 2906.5}, {'rank': 3, 'doc_id': 'evdoc-238a3fd52e693881', 'verdict': 'INSUFFICIENT_EVIDENCE', 'confidence': 0.0, 'explanation': ""The provided evidence discusses disruptions in DreamFolks' services affecting access to airport lounges but does not directly link these disruptions to financial difficulties for drivers or any driver's account being blocked."", 'parse_success': True, 'raw_model_output': ""VERDICT: INSUFFICIENT_EVIDENCE\nEXPLANATION: The provided evidence discusses disruptions in DreamFolks' services affecting access to airport lounges but does not directly link these disruptions to financial difficulties for drivers or any driver's account being blocked."", 'latency_ms': 3306.3}]"
hmx-0326,SUPPORTED,evdoc-56dcfc2fc8d2e22c,evdoc-56dcfc2fc8d2e22c,True,"Tesla has opened its first showroom in Mumbai, India.",CONTRADICTED,1.0,"The evidence clearly states that Tesla is opening its first showroom in Mumbai on July 15, 2025, not in 2023 as claimed in the original statement.",1.0,1,3745.2,True,"[{'rank': 1, 'doc_id': 'evdoc-56dcfc2fc8d2e22c', 'verdict': 'CONTRADICTED', 'confidence': 1.0, 'explanation': 'The evidence clearly states that Tesla is opening its first showroom in Mumbai on July 15, 2025, not in 2023 as claimed in the original statement.', 'parse_success': True, 'raw_model_output': 'VERDICT: CONTRADICTED\nCONFIDENCE: 1.00\nEXPLANATION: The evidence clearly states that Tesla is opening its first showroom in Mumbai on July 15, 2025, not in 2023 as claimed in the original statement.', 'latency_ms': 3745.2}]"
hmx-0339,CONTRADICTED,evdoc-2cabf65026eb7f9e,evdoc-2cabf65026eb7f9e,True,"Vijay Mallya borrowed 70,000 CR of Robux from SBI to resell Kingfisher Airlines on Roblox.",INSUFFICIENT_EVIDENCE,0.0,The provided evidence does not contain any information about Vijay Mallya borrowing Robux or any financial details related to Roblox.,,3,8067.9,True,"[{'rank': 1, 'doc_id': 'evdoc-2cabf65026eb7f9e', 'verdict': 'INSUFFICIENT_EVIDENCE', 'confidence': 0.0, 'explanation': 'The provided evidence does not contain any information about Vijay Mallya borrowing Robux or any financial details related to Roblox.', 'parse_success': True, 'raw_model_output': 'VERDICT: INSUFFICIENT_EVIDENCE\nEXPLANATION: The provided evidence does not contain any information about Vijay Mallya borrowing Robux or any financial details related to Roblox.', 'latency_ms': 2788.0}, {'rank': 2, 'doc_id': 'evdoc-34274762df1bc256', 'verdict': 'INSUFFICIENT_EVIDENCE', 'confidence': 0.0, 'explanation': 'The provided evidence does not contain any information related to Vijay Mallya, Robux, or any financial transactions involving Roblox.', 'parse_success': True, 'raw_model_output': 'VERDICT: INSUFFICIENT_EVIDENCE\nEXPLANATION: The provided evidence does not contain any information related to Vijay Mallya, Robux, or any financial transactions involving Roblox.', 'latency_ms': 2708.5}, {'rank': 3, 'doc_id': 'evdoc-ae64370f65b5f393', 'verdict': 'INSUFFICIENT_EVIDENCE', 'confidence': 0.0, 'explanation': 'The provided evidence does not address or contradict the claim about Vijay Mallya borrowing Robux from SBI.', 'parse_success': True, 'raw_model_output': 'VERDICT: INSUFFICIENT_EVIDENCE\nEXPLANATION: The provided evidence does not address or contradict the claim about Vijay Mallya borrowing Robux from SBI.', 'latency_ms': 2571.4}]"
hmx-0345,CONTRADICTED,evdoc-ceb85c2b5dd4f4cb,evdoc-6ab8884d11f518a1,False,BALRAJ SINGH is facing charges of cheating.,INSUFFICIENT_EVIDENCE,0.0,The provided evidence does not mention BALRAJ SINGH or any charges of cheating. It discusses Arvind Kejriwal's bail hearing in an excise policy scam case.,,3,8077.4,True,"[{'rank': 1, 'doc_id': 'evdoc-6ab8884d11f518a1', 'verdict': 'INSUFFICIENT_EVIDENCE', 'confidence': 0.0, 'explanation': ""The provided evidence does not mention BALRAJ SINGH or any charges of cheating. It discusses Arvind Kejriwal's bail hearing in an excise policy scam case."", 'parse_success': True, 'raw_model_output': ""VERDICT: INSUFFICIENT_EVIDENCE\nEXPLANATION: The provided evidence does not mention BALRAJ SINGH or any charges of cheating. It discusses Arvind Kejriwal's bail hearing in an excise policy scam case."", 'latency_ms': 3234.4}, {'rank': 2, 'doc_id': 'evdoc-4cf9d8660be05a19', 'verdict': 'INSUFFICIENT_EVIDENCE', 'confidence': 0.0, 'explanation': 'The provided evidence does not contain any information related to BALRAJ SINGH or any charges of cheating.', 'parse_success': True, 'raw_model_output': 'VERDICT: INSUFFICIENT_EVIDENCE\nEXPLANATION: The provided evidence does not contain any information related to BALRAJ SINGH or any charges of cheating.', 'latency_ms': 2362.4}, {'rank': 3, 'doc_id': 'evdoc-8b82186e4a0abc60', 'verdict': 'INSUFFICIENT_EVIDENCE', 'confidence': 0.0, 'explanation': 'The provided evidence does not contain any information about BALRAJ SINGH or any charges of cheating.', 'parse_success': True, 'raw_model_output': 'VERDICT: INSUFFICIENT_EVIDENCE\nEXPLANATION: The provided evidence does not contain any information about BALRAJ SINGH or any charges of cheating.', 'latency_ms': 2480.6}]"
hmx-0364,SUPPORTED,evdoc-6657f9be1e91ed97,evdoc-6657f9be1e91ed97,True,The deadline for sharing electoral bond data was extended by the Supreme Court.,CONTRADICTED,1.0,"The evidence states that the Supreme Court initially required the State Bank of India (SBI) to provide details of electoral bonds purchased from April 12, 2019 to February 15, 2024, and the dates of purchase, names of purchasers, denominations of bonds purchased, and details of bonds redeemed by political parties, including the dates of",1.0,1,5765.5,True,"[{'rank': 1, 'doc_id': 'evdoc-6657f9be1e91ed97', 'verdict': 'CONTRADICTED', 'confidence': 1.0, 'explanation': 'The evidence states that the Supreme Court initially required the State Bank of India (SBI) to provide details of electoral bonds purchased from April 12, 2019 to February 15, 2024, and the dates of purchase, names of purchasers, denominations of bonds purchased, and details of bonds redeemed by political parties, including the dates of', 'parse_success': True, 'raw_model_output': 'VERDICT: CONTRADICTED\nCONFIDENCE: 1.00\nEXPLANATION: The evidence states that the Supreme Court initially required the State Bank of India (SBI) to provide details of electoral bonds purchased from April 12, 2019 to February 15, 2024, and the dates of purchase, names of purchasers, denominations of bonds purchased, and details of bonds redeemed by political parties, including the dates of', 'latency_ms': 5765.5}]"
hmx-0369,SUPPORTED,evdoc-583947d1fdbcc106,evdoc-307517834bde65ad,False,Indian National Democratic Alliance (INDI Alliance) collapsed due to indecisiveness among party leaders regarding Modi's favorite cause.,INSUFFICIENT_EVIDENCE,0.0,The evidence provided does not directly relate to the collapse of the Indian National Democratic Alliance (INDI Alliance) or provide information about indecisiveness among party leaders regarding Modi's favorite cause.,,3,9705.8,True,"[{'rank': 1, 'doc_id': 'evdoc-307517834bde65ad', 'verdict': 'INSUFFICIENT_EVIDENCE', 'confidence': 0.0, 'explanation': ""The evidence provided does not directly relate to the collapse of the Indian National Democratic Alliance (INDI Alliance) or provide information about indecisiveness among party leaders regarding Modi's favorite cause."", 'parse_success': True, 'raw_model_output': ""VERDICT: INSUFFICIENT_EVIDENCE\nEXPLANATION: The evidence provided does not directly relate to the collapse of the Indian National Democratic Alliance (INDI Alliance) or provide information about indecisiveness among party leaders regarding Modi's favorite cause."", 'latency_ms': 3289.2}, {'rank': 2, 'doc_id': 'evdoc-9416b238fb45da12', 'verdict': 'INSUFFICIENT_EVIDENCE', 'confidence': 0.0, 'explanation': ""The provided evidence does not contain any information about the collapse of the Indian National Democratic Alliance (INDI Alliance) or indecisiveness among party leaders regarding Modi's favorite cause."", 'parse_success': True, 'raw_model_output': ""VERDICT: INSUFFICIENT_EVIDENCE\nEXPLANATION: The provided evidence does not contain any information about the collapse of the Indian National Democratic Alliance (INDI Alliance) or indecisiveness among party leaders regarding Modi's favorite cause."", 'latency_ms': 3169.5}, {'rank': 3, 'doc_id': 'evdoc-3be21bea2baf6ec8', 'verdict': 'INSUFFICIENT_EVIDENCE', 'confidence': 0.0, 'explanation': ""The provided evidence does not contain any information related to the collapse of the Indian National Democratic Alliance (INDI Alliance) or indecisiveness among party leaders regarding Modi's favorite cause."", 'parse_success': True, 'raw_model_output': ""VERDICT: INSUFFICIENT_EVIDENCE\nEXPLANATION: The provided evidence does not contain any information related to the collapse of the Indian National Democratic Alliance (INDI Alliance) or indecisiveness among party leaders regarding Modi's favorite cause."", 'latency_ms': 3247.1}]"
hmx-0422,SUPPORTED,evdoc-fbbced3114c8d36d,evdoc-a8cb9c9ea159cd02,False,A stampede is happening outside Chinnaswamy.,INSUFFICIENT_EVIDENCE,0.0,The provided evidence does not contain any information about a stampede or any event happening outside Chinnaswamy.,,3,8665.5,True,"[{'rank': 1, 'doc_id': 'evdoc-a8cb9c9ea159cd02', 'verdict': 'INSUFFICIENT_EVIDENCE', 'confidence': 0.0, 'explanation': 'The provided evidence does not contain any information about a stampede or any event happening outside Chinnaswamy.', 'parse_success': True, 'raw_model_output': 'VERDICT: INSUFFICIENT_EVIDENCE\nEXPLANATION: The provided evidence does not contain any information about a stampede or any event happening outside Chinnaswamy.', 'latency_ms': 2497.7}, {'rank': 2, 'doc_id': 'evdoc-fbbced3114c8d36d', 'verdict': 'INSUFFICIENT_EVIDENCE', 'confidence': 0.0, 'explanation': 'The evidence provided discusses the safety concerns and potential cancellation of matches at Chinnaswamy Stadium due to structural issues, but does not explicitly confirm or deny any current stampede happening outside the stadium.', 'parse_success': True, 'raw_model_output': 'VERDICT: INSUFFICIENT_EVIDENCE\nEXPLANATION: The evidence provided discusses the safety concerns and potential cancellation of matches at Chinnaswamy Stadium due to structural issues, but does not explicitly confirm or deny any current stampede happening outside the stadium.', 'latency_ms': 3395.0}, {'rank': 3, 'doc_id': 'evdoc-cd4e36ca1bcddc3d', 'verdict': 'INSUFFICIENT_EVIDENCE', 'confidence': 0.0, 'explanation': 'The evidence provided does not contain any information about a stampede or any event related to a stampede happening outside Chinnaswamy.', 'parse_success': True, 'raw_model_output': 'VERDICT: INSUFFICIENT_EVIDENCE\nEXPLANATION: The evidence provided does not contain any information about a stampede or any event related to a stampede happening outside Chinnaswamy.', 'latency_ms': 2772.8}]"
hmx-0600,CONTRADICTED,evdoc-830fe9c59cd178d7,evdoc-d40b8a7240776c0b,False,Chennai experienced heavy rainfall and imitated a dance similar to Lord Shiva's tandav during a single day.,INSUFFICIENT_EVIDENCE,0.0,The provided evidence does not contain any information related to heavy rainfall in Chennai or any dance imitating Lord Shiva's tandav performed during a single day.,,3,8357.6,True,"[{'rank': 1, 'doc_id': 'evdoc-d40b8a7240776c0b', 'verdict': 'INSUFFICIENT_EVIDENCE', 'confidence': 0.0, 'explanation': ""The provided evidence does not contain any information related to heavy rainfall in Chennai or any dance imitating Lord Shiva's tandav performed during a single day."", 'parse_success': True, 'raw_model_output': ""VERDICT: INSUFFICIENT_EVIDENCE\nEXPLANATION: The provided evidence does not contain any information related to heavy rainfall in Chennai or any dance imitating Lord Shiva's tandav performed during a single day."", 'latency_ms': 2972.8}, {'rank': 2, 'doc_id': 'evdoc-9416b238fb45da12', 'verdict': 'INSUFFICIENT_EVIDENCE', 'confidence': 0.0, 'explanation': ""The provided evidence does not contain any information about Chennai experiencing heavy rainfall or any dance similar to Lord Shiva's tandav."", 'parse_success': True, 'raw_model_output': ""VERDICT: INSUFFICIENT_EVIDENCE\nEXPLANATION: The provided evidence does not contain any information about Chennai experiencing heavy rainfall or any dance similar to Lord Shiva's tandav."", 'latency_ms': 2631.5}, {'rank': 3, 'doc_id': 'evdoc-eb21871dc386edda', 'verdict': 'INSUFFICIENT_EVIDENCE', 'confidence': 0.0, 'explanation': ""The provided evidence does not contain any information related to heavy rainfall in Chennai or any dance imitating Lord Shiva's tandav."", 'parse_success': True, 'raw_model_output': ""VERDICT: INSUFFICIENT_EVIDENCE\nEXPLANATION: The provided evidence does not contain any information related to heavy rainfall in Chennai or any dance imitating Lord Shiva's tandav."", 'latency_ms': 2753.3}]"
hmx-0603,CONTRADICTED,evdoc-f21ae84a44e44446,evdoc-5b90f692f889033e,False,"Tripura ke Musalmanon ke liye dua karein sabhi. Bharat ke ek chhote rajya Tripura mein ab tak 16 masjidon mein aag lagaayi gayi hai aur kai gharon mein aagzani ki gayi hai. Tripura ke Musalmanon ke liye dua karein. Bharat ke Tripura rajya mein Musalmanon par zyada dino se hamle ho rahe hain. Masjiden jalayi ja rahi hain, dukaanon aur gharon mein aag lagaayi ja rahi hai. Police ki maujoodgi mein kuch ugr Hindu sangathan aur bade dalon ke log ye sab kar rahe hain. Lekin prashasan ki taraf se ab tak koi karwai nahi hui hai. Bharat ki mukhyadhara media aur dharmik sangathan is par chup hain. Muslim rajneetik neta bhi kuch nahi bol rahe.Tripura mein jo kuch ho raha hai, woh insaniyat aur manavta ki hatya hai. Hum sabko ekjut hokar awaaz uthani chahiye. Ant tak Allah ko mat chhodo, kisi ko mat chhodo!",INSUFFICIENT_EVIDENCE,0.0,The provided evidence does not contain any information related to the claims made about Tripura or Muslims in India.,,3,9188.9,True,"[{'rank': 1, 'doc_id': 'evdoc-5b90f692f889033e', 'verdict': 'INSUFFICIENT_EVIDENCE', 'confidence': 0.0, 'explanation': 'The provided evidence does not contain any information related to the claims made about Tripura or Muslims in India.', 'parse_success': True, 'raw_model_output': 'VERDICT: INSUFFICIENT_EVIDENCE\nEXPLANATION: The provided evidence does not contain any information related to the claims made about Tripura or Muslims in India.', 'latency_ms': 2623.4}, {'rank': 2, 'doc_id': 'evdoc-19b3ab814b34d143', 'verdict': 'INSUFFICIENT_EVIDENCE', 'confidence': 0.0, 'explanation': 'The provided evidence does not address any claims related to Tripura or Muslims in Tripura, and focuses on a different incident involving a BJP MLA in Uttar Pradesh.', 'parse_success': True, 'raw_model_output': 'VERDICT: INSUFFICIENT_EVIDENCE\nEXPLANATION: The provided evidence does not address any claims related to Tripura or Muslims in Tripura, and focuses on a different incident involving a BJP MLA in Uttar Pradesh.', 'latency_ms': 3336.4}, {'rank': 3, 'doc_id': 'evdoc-8649f37d2267ceae', 'verdict': 'INSUFFICIENT_EVIDENCE', 'confidence': 0.0, 'explanation': 'The evidence provided does not relate to the situation in Tripura or any attacks on mosques or Muslims in India, thus it neither supports nor contradicts the claim.', 'parse_success': True, 'raw_model_output': 'VERDICT: INSUFFICIENT_EVIDENCE\nEXPLANATION: The evidence provided does not relate to the situation in Tripura or any attacks on mosques or Muslims in India, thus it neither supports nor contradicts the claim.', 'latency_ms': 3229.1}]"
hmx-0606,CONTRADICTED,evdoc-03f8f864f2a0b4f1,evdoc-eec049bf32cbb114,False,Ajay Singh Bisht is likely to be involved in criminal activities.,INSUFFICIENT_EVIDENCE,0.0,"The provided evidence discusses a different individual (Mohammad Shariful Islam Shehzad) who attempted to break into Saif Ali Khan's home and stab him, but there is no direct link to Ajay Singh Bisht or any information suggesting involvement in criminal activities.",,3,11627.2,True,"[{'rank': 1, 'doc_id': 'evdoc-eec049bf32cbb114', 'verdict': 'INSUFFICIENT_EVIDENCE', 'confidence': 0.0, 'explanation': ""The provided evidence discusses a different individual (Mohammad Shariful Islam Shehzad) who attempted to break into Saif Ali Khan's home and stab him, but there is no direct link to Ajay Singh Bisht or any information suggesting involvement in criminal activities."", 'parse_success': True, 'raw_model_output': ""VERDICT: INSUFFICIENT_EVIDENCE\nEXPLANATION: The provided evidence discusses a different individual (Mohammad Shariful Islam Shehzad) who attempted to break into Saif Ali Khan's home and stab him, but there is no direct link to Ajay Singh Bisht or any information suggesting involvement in criminal activities."", 'latency_ms': 4143.8}, {'rank': 2, 'doc_id': 'evdoc-046b960c331d8524', 'verdict': 'INSUFFICIENT_EVIDENCE', 'confidence': 0.0, 'explanation': 'The provided evidence describes a specific incident involving individuals blocking traffic police in a market area, but does not provide any information about Ajay Singh Bisht or his involvement in criminal activities.', 'parse_success': True, 'raw_model_output': 'VERDICT: INSUFFICIENT_EVIDENCE\nEXPLANATION: The provided evidence describes a specific incident involving individuals blocking traffic police in a market area, but does not provide any information about Ajay Singh Bisht or his involvement in criminal activities.', 'latency_ms': 4270.9}, {'rank': 3, 'doc_id': 'evdoc-1addf9d6e2cfcb74', 'verdict': 'INSUFFICIENT_EVIDENCE', 'confidence': 0.0, 'explanation': 'The provided evidence discusses a video related to an attack on a Hindu man in Pakistan, but does not provide any information about Ajay Singh Bisht or his involvement in criminal activities.', 'parse_success': True, 'raw_model_output': 'VERDICT: INSUFFICIENT_EVIDENCE\nEXPLANATION: The provided evidence discusses a video related to an attack on a Hindu man in Pakistan, but does not provide any information about Ajay Singh Bisht or his involvement in criminal activities.', 'latency_ms': 3212.5}]"
hmx-0610,CONTRADICTED,evdoc-7eb67289efea2570,evdoc-3f6dfaf81b0ecb01,False,A Muslim teacher forced girls to pray at a school in Maharashtra.,INSUFFICIENT_EVIDENCE,0.0,The provided evidence does not contain any information related to a Muslim teacher forcing girls to pray at a school in Maharashtra.,,3,7680.4,True,"[{'rank': 1, 'doc_id': 'evdoc-3f6dfaf81b0ecb01', 'verdict': 'INSUFFICIENT_EVIDENCE', 'confidence': 0.0, 'explanation': 'The provided evidence does not contain any information related to a Muslim teacher forcing girls to pray at a school in Maharashtra.', 'parse_success': True, 'raw_model_output': 'VERDICT: INSUFFICIENT_EVIDENCE\nEXPLANATION: The provided evidence does not contain any information related to a Muslim teacher forcing girls to pray at a school in Maharashtra.', 'latency_ms': 2525.5}, {'rank': 2, 'doc_id': 'evdoc-aa5a574d70926c19', 'verdict': 'INSUFFICIENT_EVIDENCE', 'confidence': 0.0, 'explanation': 'The provided evidence does not contain any information related to a Muslim teacher forcing girls to pray at a school in Maharashtra.', 'parse_success': True, 'raw_model_output': 'VERDICT: INSUFFICIENT_EVIDENCE\nEXPLANATION: The provided evidence does not contain any information related to a Muslim teacher forcing girls to pray at a school in Maharashtra.', 'latency_ms': 2574.3}, {'rank': 3, 'doc_id': 'evdoc-68a0b43fed7bd8cb', 'verdict': 'INSUFFICIENT_EVIDENCE', 'confidence': 0.0, 'explanation': 'The provided evidence does not contain any information related to a Muslim teacher forcing girls to pray at a school in Maharashtra.', 'parse_success': True, 'raw_model_output': 'VERDICT: INSUFFICIENT_EVIDENCE\nEXPLANATION: The provided evidence does not contain any information related to a Muslim teacher forcing girls to pray at a school in Maharashtra.', 'latency_ms': 2580.6}]"
hmx-0615,CONTRADICTED,evdoc-bba8ac2fd5a9b51f,evdoc-856a90cdcde7a498,False,BJP won Telangana in an election.,INSUFFICIENT_EVIDENCE,0.0,The provided evidence does not mention any election in Telangana or any BJP victory there.,,3,8345.0,True,"[{'rank': 1, 'doc_id': 'evdoc-856a90cdcde7a498', 'verdict': 'INSUFFICIENT_EVIDENCE', 'confidence': 0.0, 'explanation': 'The provided evidence does not mention any election in Telangana or any BJP victory there.', 'parse_success': True, 'raw_model_output': 'VERDICT: INSUFFICIENT_EVIDENCE\nEXPLANATION: The provided evidence does not mention any election in Telangana or any BJP victory there.', 'latency_ms': 2325.1}, {'rank': 2, 'doc_id': 'evdoc-9416b238fb45da12', 'verdict': 'INSUFFICIENT_EVIDENCE', 'confidence': 0.0, 'explanation': 'The provided evidence does not contain any information about the BJP winning Telangana in an election; instead, it discusses a viral photo of BJP leaders allegedly partying in Goa during floods in Telangana.', 'parse_success': True, 'raw_model_output': 'VERDICT: INSUFFICIENT_EVIDENCE\nEXPLANATION: The provided evidence does not contain any information about the BJP winning Telangana in an election; instead, it discusses a viral photo of BJP leaders allegedly partying in Goa during floods in Telangana.', 'latency_ms': 3469.0}, {'rank': 3, 'doc_id': 'evdoc-87a2c94034c71ea2', 'verdict': 'INSUFFICIENT_EVIDENCE', 'confidence': 0.0, 'explanation': 'The provided evidence does not contain any information related to the outcome of an election in Telangana or any political victory by the BJP.', 'parse_success': True, 'raw_model_output': 'VERDICT: INSUFFICIENT_EVIDENCE\nEXPLANATION: The provided evidence does not contain any information related to the outcome of an election in Telangana or any political victory by the BJP.', 'latency_ms': 2550.9}]"
hmx-0639,CONTRADICTED,evdoc-b163130e20b4c90b,evdoc-72cf5a2789ed06ea,False,Sarkar has planned to reduce Covid-19 restrictions through five phases.,INSUFFICIENT_EVIDENCE,0.0,The provided evidence does not contain any information related to Sarkar's plans to reduce Covid-19 restrictions through five phases.,,3,9171.1,True,"[{'rank': 1, 'doc_id': 'evdoc-72cf5a2789ed06ea', 'verdict': 'INSUFFICIENT_EVIDENCE', 'confidence': 0.0, 'explanation': ""The provided evidence does not contain any information related to Sarkar's plans to reduce Covid-19 restrictions through five phases."", 'parse_success': True, 'raw_model_output': ""VERDICT: INSUFFICIENT_EVIDENCE\nEXPLANATION: The provided evidence does not contain any information related to Sarkar's plans to reduce Covid-19 restrictions through five phases."", 'latency_ms': 2699.8}, {'rank': 2, 'doc_id': 'evdoc-672ebe9499885d04', 'verdict': 'INSUFFICIENT_EVIDENCE', 'confidence': 0.0, 'explanation': 'The provided evidence does not contain any information related to Sarkar planning to reduce Covid-19 restrictions through five phases.', 'parse_success': True, 'raw_model_output': 'VERDICT: INSUFFICIENT_EVIDENCE\nEXPLANATION: The provided evidence does not contain any information related to Sarkar planning to reduce Covid-19 restrictions through five phases.', 'latency_ms': 2740.9}, {'rank': 3, 'doc_id': 'evdoc-9ad3886d18492604', 'verdict': 'INSUFFICIENT_EVIDENCE', 'confidence': 0.0, 'explanation': 'The provided evidence does not contain any information related to Sarkar reducing Covid-19 restrictions through five phases.', 'parse_success': True, 'raw_model_output': 'VERDICT: INSUFFICIENT_EVIDENCE\nEXPLANATION: The provided evidence does not contain any information related to Sarkar reducing Covid-19 restrictions through five phases.', 'latency_ms': 3730.4}]"
hmx-0642,CONTRADICTED,evdoc-1addf9d6e2cfcb74,evdoc-87a2c94034c71ea2,False,Hindus of India should be punished for atyachaar being practiced by Bangladeshi Hindu youth who are among the Rohingya.,INSUFFICIENT_EVIDENCE,0.0,"The provided evidence does not contain any information related to the practice of atyachaar by Bangladeshi Hindu youth or its connection to the Rohingya, nor does it mention Hindus of India being punished.",,3,11896.7,True,"[{'rank': 1, 'doc_id': 'evdoc-87a2c94034c71ea2', 'verdict': 'INSUFFICIENT_EVIDENCE', 'confidence': 0.0, 'explanation': 'The provided evidence does not contain any information related to the practice of atyachaar by Bangladeshi Hindu youth or its connection to the Rohingya, nor does it mention Hindus of India being punished.', 'parse_success': True, 'raw_model_output': 'VERDICT: INSUFFICIENT_EVIDENCE\nEXPLANATION: The provided evidence does not contain any information related to the practice of atyachaar by Bangladeshi Hindu youth or its connection to the Rohingya, nor does it mention Hindus of India being punished.', 'latency_ms': 3331.7}, {'rank': 2, 'doc_id': 'evdoc-1addf9d6e2cfcb74', 'verdict': 'INSUFFICIENT_EVIDENCE', 'confidence': 0.0, 'explanation': 'The provided evidence discusses a video from Pakistan claiming it shows violence against Hindus in Telangana, but does not address any claims about Bangladesh or the practice of atyachaar by Bangladeshi Hindu youth.', 'parse_success': True, 'raw_model_output': 'VERDICT: INSUFFICIENT_EVIDENCE\nEXPLANATION: The provided evidence discusses a video from Pakistan claiming it shows violence against Hindus in Telangana, but does not address any claims about Bangladesh or the practice of atyachaar by Bangladeshi Hindu youth.', 'latency_ms': 3595.2}, {'rank': 3, 'doc_id': 'evdoc-da60792cf696e8b5', 'verdict': 'INSUFFICIENT_EVIDENCE', 'confidence': 0.0, 'explanation': 'The provided evidence discusses a video related to a hijab controversy in Karnataka, but does not provide any information about Hindus in India punishing Bangladeshi Hindu youth for practicing atyachaar, which is associated with the Rohingya.', 'parse_success': True, 'raw_model_output': 'VERDICT: INSUFFICIENT_EVIDENCE\nEXPLANATION: The provided evidence discusses a video related to a hijab controversy in Karnataka, but does not provide any information about Hindus in India punishing Bangladeshi Hindu youth for practicing atyachaar, which is associated with the Rohingya.', 'latency_ms': 4969.8}]"
hmx-0655,CONTRADICTED,evdoc-ea4166932a7d64c0,evdoc-ea4166932a7d64c0,True,The Ease of Doing Business ranking for Uttar Pradesh decreased from 2017 to 2020.,INSUFFICIENT_EVIDENCE,0.0,"The evidence provided discusses the unemployment rate in Uttar Pradesh but does not contain information about the Ease of Doing Business ranking, which is the specific claim being evaluated.",,3,9153.9,True,"[{'rank': 1, 'doc_id': 'evdoc-ea4166932a7d64c0', 'verdict': 'INSUFFICIENT_EVIDENCE', 'confidence': 0.0, 'explanation': 'The evidence provided discusses the unemployment rate in Uttar Pradesh but does not contain information about the Ease of Doing Business ranking, which is the specific claim being evaluated.', 'parse_success': True, 'raw_model_output': 'VERDICT: INSUFFICIENT_EVIDENCE\nEXPLANATION: The evidence provided discusses the unemployment rate in Uttar Pradesh but does not contain information about the Ease of Doing Business ranking, which is the specific claim being evaluated.', 'latency_ms': 3026.3}, {'rank': 2, 'doc_id': 'evdoc-5cfd9a6f223b5685', 'verdict': 'INSUFFICIENT_EVIDENCE', 'confidence': 0.0, 'explanation': 'The provided evidence does not contain any information related to the Ease of Doing Business ranking for Uttar Pradesh or any changes in its position over the specified period.', 'parse_success': True, 'raw_model_output': 'VERDICT: INSUFFICIENT_EVIDENCE\nEXPLANATION: The provided evidence does not contain any information related to the Ease of Doing Business ranking for Uttar Pradesh or any changes in its position over the specified period.', 'latency_ms': 2963.8}, {'rank': 3, 'doc_id': 'evdoc-825aef3164716893', 'verdict': 'INSUFFICIENT_EVIDENCE', 'confidence': 0.0, 'explanation': 'The provided evidence does not contain any information related to the Ease of Doing Business ranking for Uttar Pradesh or any comparison between 2017 and 2020.', 'parse_success': True, 'raw_model_output': 'VERDICT: INSUFFICIENT_EVIDENCE\nEXPLANATION: The provided evidence does not contain any information related to the Ease of Doing Business ranking for Uttar Pradesh or any comparison between 2017 and 2020.', 'latency_ms': 3163.8}]"
hmx-0667,CONTRADICTED,evdoc-2c3aae88fed7e052,evdoc-9416b238fb45da12,False,Trinamool Congress members were caught dancing with Arpita Mukherjee.,INSUFFICIENT_EVIDENCE,0.0,"The provided evidence does not contain any information about Trinamool Congress members dancing with Arpita Mukherjee; instead, it discusses BJP members at the Parliament building in New Delhi during a flood relief effort.",,3,9287.6,True,"[{'rank': 1, 'doc_id': 'evdoc-9416b238fb45da12', 'verdict': 'INSUFFICIENT_EVIDENCE', 'confidence': 0.0, 'explanation': 'The provided evidence does not contain any information about Trinamool Congress members dancing with Arpita Mukherjee; instead, it discusses BJP members at the Parliament building in New Delhi during a flood relief effort.', 'parse_success': True, 'raw_model_output': 'VERDICT: INSUFFICIENT_EVIDENCE\nEXPLANATION: The provided evidence does not contain any information about Trinamool Congress members dancing with Arpita Mukherjee; instead, it discusses BJP members at the Parliament building in New Delhi during a flood relief effort.', 'latency_ms': 3575.9}, {'rank': 2, 'doc_id': 'evdoc-4e684f0662649f4b', 'verdict': 'INSUFFICIENT_EVIDENCE', 'confidence': 0.0, 'explanation': 'The provided evidence does not contain any information about Trinamool Congress members dancing with Arpita Mukherjee.', 'parse_success': True, 'raw_model_output': 'VERDICT: INSUFFICIENT_EVIDENCE\nEXPLANATION: The provided evidence does not contain any information about Trinamool Congress members dancing with Arpita Mukherjee.', 'latency_ms': 2687.3}, {'rank': 3, 'doc_id': 'evdoc-87a2c94034c71ea2', 'verdict': 'INSUFFICIENT_EVIDENCE', 'confidence': 0.0, 'explanation': 'The provided evidence does not contain any information related to Trinamool Congress members dancing with Arpita Mukherjee.', 'parse_success': True, 'raw_model_output': 'VERDICT: INSUFFICIENT_EVIDENCE\nCONFIDENCE: 0.00\nEXPLANATION: The provided evidence does not contain any information related to Trinamool Congress members dancing with Arpita Mukherjee.', 'latency_ms': 3024.4}]"
